1,강동복집,서울특별시 강동구 성내동 559,02-483-7335,"안녕하세요. 서울시 강동구에 위치한 강동복집입니다.저희 강동복집은 재료선별 하나에도 정성을 들여 음식을 만들고, 깔끔하고 세련된 실내와 안락한 분위기를 만끽할 수 있어 더욱 특별합니다.감사합니다.",http://cityfood.co.kr/h.php?id=24291,복샤브샤브 복어회 복지리,10:00~22:00,OFF,OFF,,,"37.528571, 127.124338",일식,0
2,국수생각,서울특별시 강동구 길동 364-13 1층,02-478-3838,"안녕하세요. 서울특별시 강동구에 위치한 국수생각을 찾아주셔서 감사드립니다.저희 국수생각은 다양한 메뉴를 제공하는 음식점으로 저희만의 맛을 전해드리고자 노력하고 있습니다.재료선별 하나에도 정성을 들여 늘 엄선된 식재료만을 사용하여 고객 여러분께서 신뢰할 수 있는 음식이 될 수 있도록 하고 있으며, 또한 어머니의 손 맛과도 같은 정갈한 음식 조리로 행복의 맛을 전해드리고 있습니다.또 저렴한 음식값으로 부담 없이 저희 매장에 오실 수 있도록 배려하고 있습니다.최고의 맛으로 최상의 서비스를 드리고자 늘 노력하는 국수생각이 되겠습니다. 감사합니다.",http://cityfood.co.kr/file2/h_0080/39755/,열무땡땡이국수  가락국수  멸치국수,11:00~22:00,OFF,OFF,,,"37.538441, 127.141966",한식,0
3,로프트,서울특별시 서대문구 대신동 50-3 공간9빌딩 6층,02-393-3181,안녕하십니까! 서울특별시 서대문구에 위치해 있는 로프트입니다. 소중한 분들과의 만남을 저희 로프트에서 함께 하신다면 친절한 서비스와 저렴한 가격으로 맛있는 요리를 맛 보실수 있고 최고의 만찬을 즐기실 수 있는 곳입니다. 아늑한 실내 분위기와 품격 높은 서비스로 고객 여러분의 품위를 향상시켜 드리는 저희 로프트에서 편안하고 아름다운 소중한 추억을 만드세요. 최상의 서비스와 최고의 만족으로 보답하겠습니다. 감사합니다. ,http://cityfood.co.kr/h.php?id=28942,로제파스타 스테이크 토마토리조또,12:00~24:00,OFF,OFF,,,"37.563320, 126.943564",양식,0
4,명동칼국수,서울특별시 은평구 대조동 5-10,02-359-5591,안녕하세요 저희 명동칼국수는 서울 은평구에 위치하고 있습니다.저희 명동칼국수는 일반 음식점에서 느낄 수 없는 깊은 맛을 자랑하며 특별한 맛으로 손님여러분을 모시고 있습니다.외지에서도 손님이 많이 찾아 오고 있으며 오시는 분들께 맛있는 먹거리를 제대로 대접해 드리기 위해 노력하고 있습니다.명동칼국수에서 음식의 참맛을 느껴보세요.최고의 맛으로 모시겠습니다. 감사합니다.,http://cityfood.co.kr/h.php?id=27647,칼국수 왕만두 냉면,11:00~21:00,OFF,OFF,,,"37.611647, 126.928513",한식,0
5,더제이케이키친박스 문래점,서울특별시 영등포구 문래동3가 55-20번지 에이스하이테크시티1동 113호,02-2633-0053,"안녕하세요 저희 더제이케이키친박스 문래점은 서울 영등포구에 위치하고 있습니다.남녀노소, 나이불문 누구나 만족할 수 있는 입안에서 살살 녹는 맛을 일품으로 자랑하는 저희 더제이케이키친박스 문래점은 찾아오시는 모든 고객분들 에게 항상 최고의 서비스와 최상의 맛을 선사해 드립니다. 깔끔하고 신선한 느낌의 저희 매장은 손님들께서 깨끗하고 편안한 식사를 하실 수 있도록 최대한의 노력을 기울이고 있으며, 모든 종업원들의 친절서비스는 찾아오시는 모든 분들께 다시 방문하고 싶은 편안함을 선사해 드립니다. ",http://cityfood.co.kr/h.php?id=25726,와인 그라탕 에이드 인생맛집,11:00~22:00,OFF,OFF,,,"37.514728, 126.898472",양식,0
6,깐풍기의전설,서울특별시 중랑구 중화동 311-21,02-435-9118,"저희 ""깐풍기의전설""은 음식을 맛깔스럽게 요리해 푸짐한 양과 고급스러운 맛으로 고객님의 미각을 만족시켜 드립니다.정직한 식재료와 바른 조리법으로 맛을 살리려 노력합니다. 항상 신선하고 연구 개발된 식단으로 여러분을 찾아 뵙겠습니다.언제나 내 가족이 먹는다는 생각으로 정직하고 깨끗하게 정성을 다하는 저희 업소를 찾아주십시오.깐풍기의전설의 자부심을 걸고 최고의 만족을 드릴 수 있도록 노력하겠습니다. 감사합니다.",http://cityfood.co.kr/h.php?id=32961,깐풍치킨 바베큐치킨,16:00~02:00,OFF,ON,,,"37.601679, 127.076997",치킨,0
7,돼지꿈,서울특별시 강북구 인수동 451-84,02-900-7080,반갑습니다. 돼지꿈 홈페이지에 방문해 주신 고객 여러분께 진심으로 감사드립니다.서울 강북구에 위치한 저희 돼지꿈은 삶의 질을 향상시키며 먹거리 문화를 한단계 업그레이드 시키는데 노력하겠습니다.자연이 주는 순수함 그리고 편안함을 그대로 여러분께 행복한 맛의 이야기를 만들어가겠습니다. 고객 여러분께 친절한 미소를 잃지 않는 저희 돼지꿈이 될 것을 약속드립니다.고객님 가정의 평화와 사랑이 넘치길 기원하겠습니다. 감사합니다.,http://cityfood.co.kr/h.php?id=26020,돼지족발 냉채족발,18:00~02:00,OFF,OFF,,,"37.634204, 127.015817",육류,0
8,밥도둑술도둑,서울특별시 구로구 가리봉동 107-14,02-863-6045,"안녕하십니까? 서울 구로구에 위치한 밥도둑술도둑입니다. 저희 밥도둑술도둑은 서비스와 손맛이 살아있는, 한번쯤은 가보고 싶은 식당입니다. 한번 방문하신 고객들께선 반드시 또 한번은 찾아주십니다.오시는 고객 여러분께 보답하고자 늘 최선을 다하는 서비스를 제공하고 있으며, 맛의 진수를 저희 밥도둑술도둑에서 느끼실 수 있도록 항상 노력하고 있습니다. 찾아주시는 고객 분들 건강하시고 모든 일에 행운이 함께 하시길 기원합니다. 감사합니다.",http://cityfood.co.kr/h.php?id=27592,간장게장  자반구이  청국장,10:00~22:00,OFF,OFF,,,"37.484136, 126.889287",일식,0
9,기똥찬수제햄버거앤컵밥,서울특별시 동작구 상도동 194-3,02-812-2296,안녕하십니까. 서울특별시 동작구에 위치한 저희 기똥찬수제햄버거앤컵밥을 방문해 주신 여러분께 감사드립니다. 저희 기똥찬수제햄버거앤컵밥은 찾아주시는 고객분들께 저희 기똥찬수제햄버거앤컵밥만의 맛을 전해드리고자 노력하고 있습니다. ,http://cityfood.co.kr/h.php?id=33342,치킨마요컵밥  불닭컵밥,12:00~23:00,OFF,OFF,,,"37.502195, 126.936841",분식,0
10,82길,서울특별시 성동구 옥수동 296-23,02-2298-5777,"안녕하세요 저희 82길은 서울특별시 성동구에 위치하고 있습니다.남녀노소, 나이불문 누구나 만족할 수 있는 입안에서 살살 녹는 맛을 일품으로 자랑하는 저희 82길은 찾아오시는 모든 고객분들 에게 항상 최고의 서비스와 최상의 맛을 선사해 드립니다",http://cityfood.co.kr/file2/h_0085/42489/index.html,차돌숙주볶음 연어,18:00~02:00,OFF,OFF,,,"37.543985, 127.015833",중식,0
11,가온오리,경기도 고양시 일산동구 문봉동 203-12,031-977-7796,안녕하십니까! 경기도 고양시에 위치해 있는 가온오리입니다. 소중한 분들과의 만남을 저희 가온오리에서 함께 하신다면 친절한 서비스와 저렴한 가격으로 맛있는 요리를 맛 보실수 있고 최고의 만찬을 즐기실 수 있는 곳입니다. 아늑한 실내 분위기와 품격 높은 서비스로 고객 여러분의 품위를 향상시켜 드리는 저희 가온오리에서 편안하고 아름다운 소중한 추억을 만드세요. 최상의 서비스와 최고의 만족으로 보답하겠습니다. 감사합니다. ,http://cityfood.co.kr/h.php?id=33544,오리로스  오리주물럭,09:30~22:30,OFF,OFF,,,"37.706707, 126.812032",육류,0
12,북촌삼계탕,경기도 동두천시 지행동 738-5,031-861-8100,"저희 ""북촌삼계탕""은 음식을 맛깔스럽게 요리해 푸짐한 양과 고급스러운 맛으로 고객님의 미각을 만족시켜 드립니다.정직한 식재료와 바른 조리법으로 맛을 살리려 노력합니다. 항상 신선하고 연구 개발된 식단으로 여러분을 찾아 뵙겠습니다.언제나 내 가족이 먹는다는 생각으로 정직하고 깨끗하게 정성을 다하는 저희 업소를 찾아주십시오.북촌삼계탕의 자부심을 걸고 최고의 만족을 드릴 수 있도록 노력하겠습니다. 감사합니다.",http://cityfood.co.kr/h.php?id=23665,한방능이장뇌삼삼계탕  한방능이장뇌삼닭백숙,10:00~22:00,OFF,OFF,,,"37.8902121,127.0560461",한식,0
13,DCT화덕피자,경기도 성남시 중원구 여수동 249 1층,070-7765-0222,"저희 ""DCT화덕피자""는 음식을 맛깔스럽게 요리해 푸짐한 양과 고급스러운 맛으로 고객님의 미각을 만족시켜 드립니다.정직한 식재료와 바른 조리법으로 맛을 살리려 노력합니다. 항상 신선하고 연구 개발된 식단으로 여러분을 찾아 뵙겠습니다.언제나 내 가족이 먹는다는 생각으로 정직하고 깨끗하게 정성을 다하는 저희 업소를 찾아주십시오.DCT화덕피자의 자부심을 걸고 최고의 만족을 드릴 수 있도록 노력하겠습니다. 감사합니다.",http://koreamz.com/page/page.php?n=29298,화이트머쉬룸피자  고르곤졸라피자,11:30~21:00,OFF,OFF,,,"37.417344, 127.124867",양식,0
14,금성가든,경기도 시흥시 대야동 16-5,031-315-7677,안녕하십니까! 경기도 시흥시에 위치해 있는 금성가든입니다.소중한 분들과의 만남을 저희 금성가든에서 함께 하신다면 친절한 서비스와  저렴한 가격으로 맛있는 요리를 맛 보실수 있고 최고의 만찬을 즐기실 수 있는 곳입니다. 아늑한 실내 분위기와 품격 높은 서비스로 고객 여러분의 품위를 향상시켜 드리는 저희 금성가든에서 편안하고 아름다운 소중한 추억을 만드세요. 최상의 서비스와 최고의 만족으로 보답하겠습니다.감사합니다.,http://cityfood.co.kr/file2/h_0078/38902/,오리백숙  옻오리,10:00~22:00,OFF,OFF,,,"37.459851, 126.783938",한식,0
15,갈미주삼,경기도 안산시 단원구 고잔동 716-2 101-102호,031-405-9281,안녕하세요 저희 갈미주삼은 경기도 안산시에 위치하고 있습니다.저희 갈미주삼은 일반 음식점에서 느낄 수 없는 깊은 맛을 자랑하며 특별한 맛으로 손님여러분을 모시고 있습니다.외지에서도 손님이 많이 찾아 오고 있으며 오시는 분들께 맛있는 먹거리를 제대로 대접해 드리기 위해 노력하고 있습니다.갈미주삼에서 음식의 참맛을 느껴보세요. 최고의 맛으로 모시겠습니다.감사합니다.,http://cityfood.co.kr/file2/h_0077/38163/,키삼구이  갈미부추전,16:00~01:00,OFF,OFF,,,"37.309188, 126.828336",육류,0
16,누리터,경기도 안성시 숭인동 12,031-676-4664,안녕하세요 저희 누리터는 경기도 안성시에 위치하고 있습니다.최고가 되기 위해서 항상 최선을 다하며 찾아주시는 고객님들을 밝은 미소 맞이하여 친절함으로 더가까이 다가가고 있습니다.저렴한가격/ 편안한 분위기/ 누리터만의 깊고 풍부한 맛! 품위 있는 만남 오셔서 직접 느껴보시기 바랍니다.감사합니다.,http://cityfood.co.kr/file2/h_0083/41488/,백숙  닭개장,11:00~20:00,OFF,ON,,,"37.008777, 127.274029",한식,0
17,the군침,경기도 양주시 광사동 670-11,031-848-0128,"안녕하세요. 경기도 양주시 맛집 The군침입니다. 정갈한 맛과 정성스런 상차림, 최고의 서비스로 모시는 The군침, 맛집의 대명사. The군침은 우리의 입맛과 눈길, 마음을 사로잡기에 충분합니다. 가족단위의 모임은 물론 귀한 손님 접대에 어울리는 The군침에 오셔서  맛있는 식사와 즐거운 시간을 가지시길 바랍니다.최고의 맛으로 최상의 서비스를 드리는 The군침이 되겠습니다.",http://cityfood.co.kr/file2/h_0088/43861/,부대찌개  수제돈까스,11:00~22:00,ON,OFF,,,"37.792564, 127.080482",분식,0
18,구이가,경기도 연쳔군 전곡읍 전곡리 457-33,031-835-9253,"안녕하세요 저희 구이가는 경기도 연천군에 위치하고 있습니다.남녀노소, 나이불문 누구나 만족할 수 있는 입안에서 살살 녹는 맛을 일품으로 자랑하는 저희 구이가는 찾아오시는 모든 고객분들 에게 항상 최고의 서비스와 최상의 맛을 선사해 드립니다. 깔끔하고 신선한 느낌의 저희 매장은 손님들께서 깨끗하고 편안한 식사를 하실 수 있도록 최대한의 노력을 기울이고 있으며, 모든 종업원들의 친절서비스는 찾아오시는 모든 분들께 다시 방문하고 싶은 편안함을 선사해 드립니다. 저희 구이가는 어디에서도 맛보실 수 없는 최고의 맛과 더불어 신선한 재료와 정갈한 맛으로 찾아주시는 모든 분들께 인정받고 있습니다.",http://cityfood.co.kr/h.php?id=34029,모듬구이  뚝배기누룽지,11:00~23:00,OFF,OFF,,,"38.028697, 127.067178",한식,0
19,블랑크,경기도 용인시 수지구 신봉동 663-9,031-272-0033,반갑습니다. BLAANK 홈페이지에 방문해 주신 고객 여러분께 진심으로 감사드립니다. 경기도 용인시 수지구에 위치한 저희 BLAANK은 삶의 질을 향상시키며 먹거리 문화를 한단계 업그레이드 시키는데 노력하겠습니다.자연이 주는 순수함 그리고 편안함을 그대로 여러분께 행복한 맛의 이야기를 만들어가겠습니다. 고객 여러분께 친절한 미소를 잃지 않는 저희 BLAANK이 될 것을 약속드립니다.고객님 가정의 평화와 사랑이 넘치길 기원하겠습니다. 감사합니다.,http://cityfood.co.kr/file2/h_0081/40354/,리코타샐러드  샌드위치,10:00~23:00,OFF,OFF,,,"37.332970, 127.049139",디저트,0
20,꽂히다,경기도 의정부시 의정부동 507,031-827-7779,"안녕하세요. 경기도 의정부시에 위치한 꽂히다를 찾아주셔서 감사드립니다.저희 꽂히다는 다양한 메뉴를 제공하는 음식점으로 저희만의 맛을 전해드리고자 노력하고 있습니다. 재료선별 하나에도 정성을 들여 늘 엄선된 식재료만을 사용하여 고객 여러분께서 신뢰할 수 있는 음식이 될 수 있도록 하고 있으며, 또한 어머니의 손 맛과도 같은 정갈한 음식 조리로 행복의 맛을 전해드리고 있습니다.또 저렴한 음식값으로 부담 없이 저희 매장에 오실 수 있도록 배려하고 있습니다. 최고의 맛으로 최상의 서비스를 드리고자 늘 노력하는 꽂히다가 되겠습니다. 감사합니다.",http://cityfood.co.kr/h.php?id=31320,삼겹팽이꼬치  치즈꼬치,18:00~05:00,OFF,OFF,,,"37.738141, 127.041613",한식,0
21,강산해,강원도 강릉시 강동면 정동진리 294-8,033-641-4361,"안녕하십니까 강산해입니다. 동해의 푸른 바다를 품에 안고 일출의 벅찬 감격을 받으셨다면 이제 식사를 하셔야 겠지요?따뜻한 밥과 정갈한 시골 어머님의 밥상이 여러분을 기다립니다. 그날 그날 준비된 밑반찬과 생선, 보글 보글 맛깔나는 된장찌개 드시러 오십시오.편안하게 드시고 잠시 쉬었다가 남은 여행도 즐기시길 바랍니다.저희 강산해는 정성과 성심으로 여러분을 모시겠습니다.",http://cityfood.co.kr/h.php?id=25314,시골밥상  메밀막국수,04:00~20:00,ON,OFF,,,"37.690096, 129.032102",한식,0
22,산촌애,강원도 고성군 간성읍 해상리 950,033-682-0059,안녕하십니까! 강원도 고성군에 위치해 있는 산촌애입니다. 소중한 분들과의 만남을 저희 산촌애에서 함께 하신다면 친절한 서비스와 저렴한 가격으로 맛있는 요리를 맛 보실수 있고 최고의 만찬을 즐기실 수 있는 곳입니다. 아늑한 실내 분위기와 품격 높은 서비스로 고객 여러분의 품위를 향상시켜 드리는 저희 산촌애에서 편안하고 아름다운 소중한 추억을 만드세요. 최상의 서비스와 최고의 만족으로 보답하겠습니다. 감사합니다.,http://cityfood.co.kr/h.php?id=21621,비빔밥  두부전골,09:30~18:00,OFF,OFF,,,"38.386417, 128.408508",한식,0
23,단실한과,강원도 동해시 단봉동 636,033-521-4200,안녕하세요 저희 단실한과은 강원도 동해시에 위치하고 있습니다.최고가 되기 위해서 항상 최선을 다하며 찾아주시는 고객님들을 밝은 미소 맞이하여 친절함으로 더가까이 다가가고 있습니다. 저렴한가격/ 편안한 분위기/ 단실한과만의 깊고 풍부한 맛! 품위 있는 만남 오셔서 직접 느껴보시기 바랍니다. 감사합니다.,http://cityfood.co.kr/h.php?id=25594,유과  산자,08:00~22:00,OFF,OFF,,,"37.474593, 129.115008",한식,0
24,남도불고기,강원도 속초시 노학동 582-7,033-635-7620,"안녕하세요. 강원도 속초시에 위치한 남도불고기입니다.저희 남도불고기는 재료선별 하나에도 정성을 들여 음식을 만들고, 깔끔하고 세련된 실내와 안락한 분위기를 만끽할 수 있어 더욱 특별합니다.저희 남도불고기를 찾아주시는 손님들을 위해 항상 최선을 다해 친절하게 모실것을 약속드립니다.감사합니다.",http://cityfood.co.kr/file2/h_0082/40624/,육냉면  석쇠불고기,09:30~22:00,OFF,OFF,,,"38.189305, 128.553268",한식,0
25,교동짬뽕,강원도 원주시 봉산동 1186-3 1층,033-747-5979,"안녕하세요. 교동짬뽕입니다. 저희 교동짬뽕은 음식을 맛깔스럽게 요리해 푸짐한 양과 고급스러운 맛으로 고객님의 미각을 만족시켜 드립니다. 정직한 식재료와 바른 조리법, 신선하고 연구 개발된 식단으로 여러분을 찾아 뵙겠습니다.언제나 내 가족이 먹는다는 생각으로 정직하고 깨끗하게 정성을 다하는 저희 업소를 찾아주십시오.교동짬뽕의 자부심을 걸고 최고의 만족을 드릴 수 있도록 노력하겠습니다. 감사합니다.",http://cityfood.co.kr/file2/h_0077/38188/,짬뽕  탕수육,10:30~21:00,OFF,OFF,,,"37.343565, 127.964088",중식,0
26,맛고을,강원도 철원군 서면 와수리 1205-8,033-458-5055,"안녕하세요.저희 맛고을은 강원도 철원군에 위치하고 있습니다.최고가 되기 위해서 항상 최선을 다하며 찾아주시는 고객님들을 밝은 미소로 맞이하며 친절함으로 더가까이 다가가고 있습니다. 저렴한 가격과 편안한 분위기, 맛고을만의 깊고 풍부한 맛을 오셔서 직접 느껴보시기 바랍니다.감사합니다.",http://cityfood.co.kr/h.php?id=29050,막창  삼겹살,16:00~02:00,OFF,OFF,,,"38.240173, 127.437847",육류,0
27,BNS카페,강원도 춘천시 후평동 748,033-252-8988,"안녕하세요. 강원도 춘천시에 위치한 BNS카페를 찾아주셔서 감사드립니다.저희 BNS카페는 다양한 메뉴를 제공하는 음식점으로 저희만의 맛을 전해드리고자 노력하고 있습니다.재료선별 하나에도 정성을 들여 늘 엄선된 식재료만을 사용하여 고객 여러분께서 신뢰할 수 있는 음식이 될 수 있도록 하고 있으며, 또한 어머니의 손 맛과도 같은 정갈한 음식 조리로 행복의 맛을 전해드리고 있습니다.최고의 맛으로 최상의 서비스를 드리고자 늘 노력하는 BNS카페가 되겠습니다. 감사합니다.",http://cityfood.co.kr/file2/h_0087/43063/,커피  빙수,10:00~23:00,OFF,OFF,,,"37.888845, 127.751818",디저트,0
28,김삿갓감자탕,강원도 평창군 대화면 대화리 3,033-335-0880,"안녕하세요. ""김삿갓감자탕""입니다.저희 ""김삿갓감자탕""은 음식을 맛깔스럽게 요리해 푸짐한 양과 고급스러운 맛으로 고객님의 미각을 만족시켜 드립니다.정직한 식재료와 바른 조리법으로 맛을 살리려 노력합니다. 항상 신선하고 연구 개발된 식단으로 여러분을 찾아 뵙겠습니다.언제나 내 가족이 먹는다는 생각으로 정직하고 깨끗하게 정성을 다하는 저희 업소를 찾아주십시오.김삿갓감자탕의 자부심을 걸고 최고의 만족을 드릴 수 있도록 노력하겠습니다. 감사합니다.",http://cityfood.co.kr/h.php?id=31549,감자탕  소곱창전골,07:00~23:00,OFF,OFF,,,"37.530865, 128.493356",육류,0
29,노다지숯불갈비,강원도 양양군 양양읍 남문3리 39-1번지,033-671-0351,"안녕하십니까!!! 강원도 양양군에 위치한 노다지숯불갈비입니다. 보다 편안한 분위기에서 좋은 사람들과 즐거운 만남을 계획하고 계신다구요? 고소하고 담백한 맛을 즐길 수 있는 노다지숯불갈비를 찾으시면 만족하실 겁니다. 매일매일 직송되는 신선한 재료만을 사용하여 요리하는데 그 비결이 있으며, 더불어 넉넉한 인심과 친절한 서비스가 더한 양념으로 제공된답니다. 그 맛이 일품으로 이 맛 때문에 오시는 단골손님들도 많으십니다. 좋은 사람들과 어울려 맛있고 넉넉한 식사모임을 계획해 보신다면 노다지숯불갈비를 찾아주세요. 최고의 음식으로 여러분을 모시겠습니다. 감사합니다.",http://cityfood.co.kr/h.php?id=22235,LA갈비  갈비찜,10:00~22:00,OFF,OFF,,,"38.076271, 128.623738",육류,0
30,안심목장,강원도 양구군 양구읍 상리 563-11,033-481-8817,"안녕하세요. 강원도 양구군에 위치한 안심목장입니다.저희 안심목장은 재료선별 하나에도 정성을 들여 음식을 만들고, 깔끔하고 세련된 실내와 안락한 분위기를 만끽할 수 있어 더욱 특별합니다.저희 안심목장을 찾아주시는 손님들을 위해 항상 최선을 다해 친절하게 모실것을 약속드립니다.감사합니다.",http://cityfood.co.kr/h.php?id=32847,갈비탕  쇠고기곰탕,10:00~22:00,OFF,OFF,,,"38.1006452,127.9883752",육류,0
31,귀연당,충청남도 공주시 의당면 월곡리 289-1,041-852-9779,"안녕하세요. 충청남도 공주시에 위치하고 있는 귀연당입니다.저희 귀연당에서는 청정 암반수로 보약을 달이듯 정성들여 가마솥에 전통 방식으로 고아,순수 사골 곰탕으로는 대한민국 최고라고 자부합니다. 몸이 허하거나 보신하셔야 겠다고 생각이 드시면 한번 드셔보시고 평가해 주십시오.오염되지 않은 청정스런 산속에 깨끗한 실내 공간과 아늑하고 편리한 시설로 오시는 분의 편안한 안식처가 되리라 확신합니다. 음식에 대한 정직함과 친절한 서비스로 여러분을 모시겠습니다. 감사합니다. ",http://cityfood.co.kr/file2/h_0078/38640/,곰탕 수육,11:00~20:30,OFF,OFF,,,"36.554885, 127.153310",한식,0
32,장터맛집,충청남도 금산군 추부면 마전리 420-11,041-754-9990,안녕하세요. 충청남도 금산군에 위치한 장터맛집입니다. 음식이 보약이다라는 음식 이념을 추구하는 장터맛집은 고객님의 소중한 가정과 건강을 먼저 생각합니다.항상 초심을 잃지 않고 신선하고 깨끗한 재료를 사용할 것을 고객 여러분께 약속 드립니다.저희 장터맛집을 찾아 주시는 모든 고객분들께 정성을 다하겠습니다.늘 아껴주시고 성원하여 주셔서 감사합니다.,http://cityfood.co.kr/h.php?id=32105,떡볶이 순대 오뎅,08:00~21:00,OFF,OFF,,,"36.190358, 127.469179",분식,0
33,매코미,충청남도 논산시 내동 272 제일아파트상가 108동 104호,041-734-8292,"안녕하세요. 충청남도 논산시 맛집 매코미입니다.정갈한 맛과 정성스런 상차림, 최고의 서비스로 모시는 매코미, 맛집의 대명사. 매코미는 우리의 입맛과 눈길, 마음을 사로잡기에 충분합니다. 가족단위의 모임은 물론 귀한 손님 접대에 어울리는 매코미에 오셔서 맛있는 식사와 즐거운 시간을 가지시길 바랍니다.최고의 맛으로 최상의 서비스를 드리는 매코미가 되겠습니다. 감사합니다.",http://cityfood.co.kr/h.php?id=34856,오돌뼈  무뼈,17:30~04:00,OFF,ON,,,"36.190726, 127.096844",치킨,0
34,궁중수라상,충청남도 보령시 동대동 1044,041-932-0708,"저희 궁중수라상은 정성과 마음을 다하여 최고의 음식을 만들고자 노력하고 있으며 20년 음식업을 하면서 맛도 중요하지만 우리 몸에도 조은 음식을 만들고자 여러종류의 장아찌와 효소등을 직접담아 음식에 응용하고 있습니다.밥 또한 남성에게 여성에게 각자 좋은 약재물을 다려 남자밥과 여자밥을 따로 지어내고 있습니다.또한 간장게자은 충남도에서 인증하는 로컬푸드 미더유인증을 받았으며 TJB생방송투데이,SBS고향이보인다 등 방송과 책에도 많은 소개가 되고있습니다.",http://cityfood.co.kr/h.php?id=27481,약초밥  수라상코스,09:30~21:30,OFF,OFF,,,"36.351549, 126.606669",한식,0
35,끼니와새참,충청남도 서산시 동문동 237-2,041-681-4788,안녕하십니까! 충청남도 서산시에 위치해 있는 끼니와새참입니다.소중한 분들과의 만남을 저희 끼니와새참에서 함께 하신다면 친절한 서비스와 저렴한 가격으로 맛있는 요리를 맛 보실수 있고 최고의 만찬을 즐기실 수 있는 곳입니다. 아늑한 실내 분위기와 품격 높은 서비스로 고객 여러분의 품위를 향상시켜 드리는 저희 끼니와새참에서 편안하고 아름다운 소중한 추억을 만드세요. 최상의 서비스와 최고의 만족으로 보답하겠습니다.감사합니다.,http://cityfood.co.kr/file2/h_0084/41619/,만두  찐빵,10:00~22:00,OFF,OFF,,,"36.777513, 126.462935",분식,0
36,광시곱마담,충청남도 아산시 탕정면 명암리 925-7,041-548-9229,"안녕하십니까? 충청남도 아산시에 위치한 광시곱마담입니다. 저희 광시곱마담은 서비스와 손맛이 살아있는, 한번쯤은 가보고 싶은 식당입니다. 한번 방문하신 고객들께선 반드시 또 한번은 찾아주십니다.오시는 고객 여러분께 보답하고자 늘 최선을 다하는 서비스를 제공하고 있으며, 맛의 진수를 저희 광시곱마담에서 느끼실 수 있도록 항상 노력하고 있습니다. 찾아주시는 고객 분들 건강하시고 모든 일에 행운이 함께 하시길 기원합니다. 감사합니다",http://cityfood.co.kr/h.php?id=30687,곱창전골  곱창라면,13:00~01:00,OFF,OFF,,,"38.1006452,127.9883752",육류,0
37,도랑골손맛,충청남도 예산군 고덕면 상장리 434-4,041-337-8636,"안녕하세요. 충청남도 예산군 맛집 도랑골손맛입니다.정갈한 맛과 정성스런 상차림, 최고의 서비스로 모시는 도랑골손맛, 맛집의 대명사. 도랑골손맛은 우리의 입맛과 눈길, 마음을 사로잡기에 충분합니다. 가족단위의 모임은 물론 귀한 손님 접대에 어울리는 도랑골손맛에 오셔서 맛있는 식사와 즐거운 시간을 가지시길 바랍니다.최고의 맛으로 최상의 서비스를 드리는 도랑골손맛이 되겠습니다. 감사합니다.",http://cityfood.co.kr/h.php?id=26725,낙지버섯전골 삼겹살수육,11:00~18:00,ON,OFF,,,"36.758865, 126.718221",한식,0
38,고기랜드,충청남도 천안시 서북구 불당동 1172번지,041-556-3445,안녕하세요. 고기랜드입니다.저희 고기랜드는 고기를 맛깔스럽게 요리해 푸짐한 양과 고급스러운 맛으로 고객님의 미각을 만족시켜 드립니다. 정직한 식재료와 바른 조리법으로 고기의 맛을 살리려 노력합니다. 항상 신선하고 연구 개발된 식단으로 여러분을 찾아 뵙겠습니다.언제나 내 가족이 먹는다는 생각으로 정직하고 깨끗하게 정성을 다하는 저희 업소를 찾아주십시오.고기랜드의 자부심을 걸고 최고의 만족을 드릴 수 있도록 노력하겠습니다. 감사합니다.,http://cityfood.co.kr/h9/gogirand,무한리필,06:00~23:00,OFF,OFF,,,"36.802467, 127.109151",육류,0
39,등대수산,충청남도 태안군 소원면 의항리 978-90,041-672-7833,반갑습니다. 등대수산 홈페이지에 방문해 주신 고객 여러분께 진심으로 감사드립니다.충청남도 태안군에 위치한 저희 등대수산은 삶의 질을 향상시키며 먹거리 문화를 한단계 업그레이드 시키는데 노력하겠습니다.자연이 주는 순수함 그리고 편안함을 그대로 여러분께 행복한 맛의 이야기를 만들어가겠습니다. 고객 여러분께 친절한 미소를 잃지 않는 저희 등대수산이 될 것을 약속드립니다.고객 여러분께 친절한 미소를 잃지 않는 저희 등대수산이 될 것을 약속드립니다.고객님 가정의 평화와 사랑이 넘치길 기원하겠습니다. 감사합니다.,http://cityfood.co.kr/h.php?id=32536,광어  우럭  회덮밥,08:00~22:00,OFF,OFF,,,"36.803949, 126.147250",일식,0
40,내당한우,충청남도 홍성군 홍성읍 오관리 393-2번지,041-632-0156,안녕하세요 저희 내당한우는 충청남도 홍성군에 위치하고 있습니다.저희 내당한우는 일반 음식점에서 느낄 수 없는 깊은 맛을 자랑하며 특별한 맛으로 손님여러분을 모시고 있습니다.외지에서도 손님이 많이 찾아 오고 있으며 오시는 분들께 맛있는 먹거리를 제대로 대접해 드리기 위해 노력하고 있습니다.내당한우에서 음식의 참맛을 느껴보세요.최고의 맛으로 모시겠습니다. 감사합니다.,http://cityfood.co.kr/h.php?id=22962,치맛살  부채살,10:00~22:00,OFF,OFF,,,"36.600303, 126.663735",육류,0
41,단양왕족발,충청북도 단양군 단양읍 도전리 615 시장상가1동 107호,043-422-2500,"안녕하십니까!!! 충청북도 단양군에 위치한 단양왕족발입니다.보다 편안한 분위기에서 좋은 사람들과 즐거운 만남을 계획하고 계신다구요? 고소하고 담백한 맛을 즐길 수 있는 단양왕족발을 찾으시면 만족하실 겁니다. 매일매일 직송되는 신선한 재료만을 사용하여 요리하는데 그 비결이 있으며, 더불어 넉넉한 인심과 친절한 서비스가 더한 양념으로 제공된답니다. 그 맛이 일품으로 이 맛 때문에 오시는 단골손님들도 많으십니다. 좋은 사람들과 어울려 맛있고 넉넉한 식사모임을 계획해 보신다면 단양왕족발을 찾아주세요. 최고의 음식으로 여러분을 모시겠습니다.감사합니다.",http://cityfood.co.kr/file2/h_0084/41685/,족발,13:00~22:00,OFF,ON,,,"36.982882, 128.369893",한식,0
42,까망부뚜막,충청북도 제천시 강제동 867,043-642-8264,안녕하세요. 충청북도 제천시에 위치한 까망부뚜막입니다.음식이 보약이다라는 음식 이념을 추구하는 까망부뚜막은 고객님의 소중한 가정과 건강을 먼저 생각합니다.항상 초심을 잃지 않고 신선하고 깨끗한 재료를 사용할 것을 고객 여러분께 약속 드립니다.저희 까망부뚜막을 찾아 주시는 모든 고객분들께 정성을 다하겠습니다.늘 아껴주시고 성원하여 주셔서 감사합니다.,http://cityfood.co.kr/file2/h_0089/44323/,삼겹살  묵사발,11:30~22:00,OFF,OFF,,,"37.1164320,128.2180470",한식,0
43,비룡각,충청북도 진천군 진천읍 읍내리 632,043-533-4234,"안녕하세요. 충청북도 진천군에 위치한 비룡각입니다.저희 비룡각은 재료선별 하나에도 정성을 들여 음식을 만들고, 깔끔하고 세련된 실내와 안락한 분위기를 만끽할 수 있어 더욱 특별합니다.저희 비룡각을 찾아주시는 손님들을 위해 항상 최선을 다해 친절하게 모실것을 약속드립니다.감사합니다.",http://cityfood.co.kr/h.php?id=26486,짬뽕  육개장,11:00~21:00,OFF,OFF,,,"36.860300, 127.440958",중식,0
44,금다래,충청북도 청원군 옥산면 가락리 739-6,043-260-3982,안녕하세요 저희 금다래는 충청북도 청원군에 위치하고 있습니다.최고가 되기 위해서 항상 최선을 다하며 찾아주시는 고객님들을 밝은 미소 맞이하여 친절함으로 더가까이 다가가고 있습니다. 저렴한가격/ 편안한 분위기/ 금다래만의 깊고 풍부한 맛! 품위 있는 만남 오셔서 직접 느껴보시기 바랍니다. 감사합니다.,http://cityfood.co.kr/h.php?id=24378,백반 갈치조림 동태탕,09:00~21:00,OFF,OFF,,,"36.664324, 127.378307",한식,0
45,금용,충청북도 청주시 상당구 내덕1동 642-23,043-257-0765,"안녕하십니까. 충청북도 청주시에 위치한 저희 금용을 방문해 주신 여러분께 감사드립니다. 저희 금용은 찾아주시는 고객분들께 저희 금용만의 맛을 전해드리고자 노력하고 있습니다. 음식의 맛은 무엇보다도 식재료의 품질과 음식조리에 있을 것입니다. 저희 금용은 늘 엄선된 식재료만을 사용하여 고객 여러분께 믿고 신뢰할 수 있는 음식이 될 수 있도록 하고 있으며,어머니의 손맛과도 같은 정갈한 음식조리로써 고객 여러분께 행복의 맛을 전해드리려 하고 있습니다. 타 매장과는 다른 저렴한 음식 값으로 부담없이 저희 매장에 오실 수 있도록 배려하고 있습니다. 오시는 고객 여러분께 보답하고자 항상 최선을 다하는 서비스를 제공하겠습니다. 맛의 진미를 저희 금용에서 느껴보세요.",http://cityfood.co.kr/h.php?id=25689,짬뽕 양장피,11:00~20:30,OFF,OFF,,,"36.657225, 127.483990",중식,0
46,88조개찜,충청북도 충주시 금릉동 58-18,043-851-2293,반갑습니다. 88조개찜 홈페이지에 방문해 주신 고객 여러분께 진심으로 감사드립니다.충청북도 충주시에 위치한 저희 88조개찜은 삶의 질을 향상시키며 먹거리 문화를 한단계 업그레이드 시키는데 노력하겠습니다.자연이 주는 순수함 그리고 편안함을 그대로 여러분께 행복한 맛의 이야기를 만들어가겠습니다. 고객 여러분께 친절한 미소를 잃지 않는 저희 88조개찜이 될 것을 약속드립니다.고객님 가정의 평화와 사랑이 넘치길 기원하겠습니다. 감사합니다.,http://cityfood.co.kr/h.php?id=34955,해물찜  해물탕,12:00~23:00,OFF,ON,,,"36.991866, 127.928619",일식,0
47,연길풍무양꼬치,충청북도 증평군 증평읍 대동리 12-5,043-836-0912,안녕하십니까! 충청북도 증평군에 위치해 있는 연길풍무양꼬치입니다. 소중한 분들과의 만남을 저희 연길풍무양꼬치에서 함께 하신다면 친절한 서비스와 저렴한 가격으로 맛있는 요리를 맛 보실수 있고 최고의 만찬을 즐기실 수 있는 곳입니다. 아늑한 실내 분위기와 품격 높은 서비스로 고객 여러분의 품위를 향상시켜 드리는 저희 연길풍무양꼬치에서 편안하고 아름다운 소중한 추억을 만드세요. 최상의 서비스와 최고의 만족으로 보답하겠습니다. 감사합니다.,http://cityfood.co.kr/h.php?id=26355,양갈비  양꼬치,0:00~12:00,OFF,OFF,,,"36.783324, 127.583646",중식,0
48,조동식당,충청북도 영동군 용화면 조동리 523-1,043-745-1196,반갑습니다. 조동식당 홈페이지에 방문해 주신 고객 여러분께 진심으로 감사드립니다.충청북도 영동군에 위치한 저희 조동식당은 삶의 질을 향상시키며 먹거리 문화를 한단계 업그레이드 시키는데 노력하겠습니다.자연이 주는 순수함 그리고 편안함을 그대로 여러분께 행복한 맛의 이야기를 만들어가겠습니다. 고객 여러분께 친절한 미소를 잃지 않는 저희 조동식당이 될 것을 약속드립니다.고객님 가정의 평화와 사랑이 넘치길 기원하겠습니다. 감사합니다.,http://cityfood.co.kr/file2/h_0084/41514/,닭도리탕  백숙,06:30~23:00,OFF,ON,,,"36.048029, 127.814791",한식,0
49,담아루,충청북도 음성군 금왕읍 무극리 60-6,043-882-4428,"안녕하십니까? 충청북도 음성군에 위치한 담아루입니다. 저희 담아루는 서비스와 손맛이 살아있는, 한번쯤은 가보고 싶은 식당입니다. 한번 방문하신 고객들께선 반드시 또 한번은 찾아주십니다.오시는 고객 여러분께 보답하고자 늘 최선을 다하는 서비스를 제공하고 있으며, 맛의 진수를 저희 담아루에서 느끼실 수 있도록 항상 노력하고 있습니다. 찾아주시는 고객 분들 건강하시고 모든 일에 행운이 함께 하시길 기원합니다. 감사합니다",http://cityfood.co.kr/h.php?id=33441,짬뽕  사천짜장,10:30~21:30,OFF,OFF,,,"36.992294, 127.594492",중식,0
50,석정,충청북도 보은군 속리산면 사내리 275-1번지,043-543-3686,"안녕하세요. 충청북도 보은군에 위치한 석정입니다. 저희 석정은 재료선별 하나에도 정성을 들여 음식을 만들고, 깔끔하고 세련된 실내와 안락한 분위기를 만끽할 수 있어 더욱 특별합니다. 저희 석정을 찾아주시는 손님들을 위해 항상 최선을 다해 친절하게 모실것을 약속드립니다. 감사합니다.",,능이전골  정식,08:00~22:00,OFF,OFF,,,"36.531754, 127.823356",한식,0
51,다다카페,인천광역시 계양구 임학동 5-1,032-555-3553,"안녕하세요. 인천광역시 계양구에 위치한 다다카페입니다.""음식이 보약이다""라는 음식 이념을 추구하는 다다카페는 고객님의 소중한 가정과 건강을 먼저 생각합니다.항상 초심을 잃지 않고 신선하고 깨끗한 재료를 사용할 것을 고객 여러분께 약속 드립니다.저희 다다카페를 찾아 주시는 모든 고객분들께 정성을 다하겠습니다.늘 아껴주시고 성원하여 주셔서 감사합니다.",http://cityfood.co.kr/h.php?id=30491,바베큐폭립  까르보나라,10:00~24:00,OFF,ON,,,"37.547121, 126.737514",양식,0
52,강화도풍천장어,인천광역시 강화군 선원면 신정리 318-6,032-932-9233,"안녕하십니까!!! 인천광역시 강화군에 위치한 강화도풍천장어입니다.보다 편안한 분위기에서 좋은 사람들과 즐거운 만남을 계획하고 계신다구요?고소하고 담백한 맛을 즐길 수 있는 강화도풍천장어를 찾으시면 만족하실 겁니다.매일매일 직송되는 신선한 재료만을 사용하여 요리하는데 그 비결이 있으며,더불어 넉넉한 인심과 친절한 서비스가 더한 양념으로 제공된답니다.그 맛이 일품으로 이 맛 때문에 오시는 단골손님들도 많으십니다.좋은 사람들과 어울려 맛있고 넉넉한 식사모임을 계획해 보신다면 강화도풍천장어를 찾아주세요.최고의 음식으로 여러분을 모시겠습니다.감사합니다.",http://cityfood.co.kr/h.php?id=29928,장어죽  장어탕,10:00~22:00,OFF,OFF,,,"37.723340, 126.512091",일식,0
53,가고파라은행골,인천광역시 남구 용현1.4동 1-112 ,032-865-2737,"안녕하세요. 인천광역시 남구에 위치한 가고파라은행골입니다.""음식이 보약이다""라는 음식 이념을 추구하는 가고파라은행골은 고객님의 소중한 가정과 건강을 먼저 생각합니다.항상 초심을 잃지 않고 신선하고 깨끗한 재료를 사용할 것을 고객 여러분께 약속 드립니다.저희 가고파라은행골을 찾아 주시는 모든 고객분들께 정성을 다하겠습니다.늘 아껴주시고 성원하여 주셔서 감사합니다.",http://cityfood.co.kr/h.php?id=31117,삼계탕  백숙,10:00~22:00,OFF,OFF,,,"37.457463, 126.663516",한식,0
54,1st도마,인천광역시 남동구 간석동 276-6,032-217-1129,"안녕하세요. 인천광역시 남동구에 위치한 1st도마입니다.""음식이 보약이다""라는 음식 이념을 추구하는 1st도마는 고객님의 소중한 가정과 건강을 먼저 생각합니다.항상 초심을 잃지 않고 신선하고 깨끗한 재료를 사용할 것을 고객 여러분께 약속 드립니다.저희 1st도마를 찾아 주시는 모든 고객분들께 정성을 다하겠습니다.늘 아껴주시고 성원하여 주셔서 감사합니다.",http://cityfood.co.kr/h.php?id=30934,꽃창  갈매기살 갈비꽃살,11:30~18:30,OFF,OFF,,,"37.464965, 126.707755",육류,0
55,다우촌,인천광역시 남동구 구월3동 1372-17,032-423-0330,안녕하세요 저희 다우촌은 인천광역시 남동구에 위치하고 있습니다.최고가 되기 위해서 항상 최선을 다하며 찾아주시는 고객님들을 밝은 미소 맞이하여 친절함으로 더가까이 다가가고 있습니다.저렴한가격/ 편안한 분위기/ 다우촌만의 깊고 풍부한 맛! 품위 있는 만남 오셔서 직접 느껴보시기 바랍니다.감사합니다.,http://cityfood.co.kr/file2/h_0086/42997/,갈비살  왕갈비  김치찌개,11:00~23:00,OFF,OFF,,,"37.445628, 126.698638",육류,0
56,mr참치왕,인천광역시 부평구 십정동 419-12,032-422-1288,"안녕하세요. ""Mr참치왕""입니다.저희 ""Mr참치왕""은 음식을 맛깔스럽게 요리해 푸짐한 양과 고급스러운 맛으로 고객님의 미각을 만족시켜 드립니다.정직한 식재료와 바른 조리법으로 맛을 살리려 노력합니다.항상 신선하고 연구 개발된 식단으로 여러분을 찾아 뵙겠습니다.언제나 내 가족이 먹는다는 생각으로 정직하고 깨끗하게 정성을 다하는 저희 업소를 찾아주십시오.Mr참치왕의 자부심을 걸고 최고의 만족을 드릴 수 있도록 노력하겠습니다.감사합니다.",http://cityfood.co.kr/file2/h_0079/39346/,참치머리  혼마구로,16:00~02:00,OFF,OFF,,,"37.470379, 126.700594",일식,0
57,고니지니,인천광역시 서구 원당동 825-5번지 엘지프라자 102호,032-565-7786,"안녕하세요 저희 고니지니는 인천 서구에 위치하고 있습니다.남녀노소, 나이불문 누구나 만족할 수 있는 입안에서 살살 녹는 맛을 일품으로 자랑하는 저희 고니지니는 찾아오시는 모든 고객분들 에게 항상 최고의 서비스와 최상의 맛을 선사해 드립니다.깔끔하고 신선한 느낌의 저희 매장은 손님들께서 깨끗하고 편안한 식사를 하실 수 있도록 최대한의 노력을 기울이고 있으며,모든 종업원들의 친절서비스는 찾아오시는 모든 분들께 다시 방문하고 싶은 편안함을 선사해 드립니다.저희 고니지니는 어디에서도 맛보실 수 없는 최고의 맛과 더불어 신선한 재료와 정갈한 맛으로 찾아주시는 모든 분들께 인정받고 있습니다.꼭 찾아오셔서 저희 고니지니만의 맛을 만나보시기 바랍니다. 감사합니다.",http://cityfood.co.kr/h.php?id=23573,떡볶이 순대  오뎅,11:30~24:00,OFF,OFF,,,"37.594566, 126.696816",분식,0
58,고로몽,인천광역시 연수구 동춘동 925 한양1차상가 120호,032-812-9595,안녕하십니까! 인천광역시 연수구에 위치해 있는 고로몽입니다.소중한 분들과의 만남을 저희 고로몽에서 함께 하신다면 친절한 서비스와 저렴한 가격으로 맛있는 요리를 맛 보실수 있고 최고의 만찬을 즐기실 수 있는 곳입니다.아늑한 실내 분위기와 품격 높은 서비스로 고객 여러분의 품위를 향상시켜 드리는 저희 고로몽에서 편안하고 아름다운 소중한 추억을 만드세요.최상의 서비스와 최고의 만족으로 보답하겠습니다. 감사합니다.,http://cityfood.co.kr/h.php?id=33420,고로케  회오리감자,11:00~,OFF,OFF,,,"37.408011, 126.680739",분식,0
59,담소정,인천광역시 중구 운서동 2796-6,032-746-3392,"안녕하세요. 담소정입니다.저희 담소정은 음식을 맛깔스럽게 요리해 푸짐한 양과 고급스러운 맛으로 고객님의 미각을 만족시켜 드립니다.정직한 식재료와 바른 조리법, 신선하고 연구 개발된 식단으로 여러분을 찾아 뵙겠습니다.언제나 내 가족이 먹는다는 생각으로 정직하고 깨끗하게 정성을 다하는 저희 업소를 찾아주십시오.담소정의 자부심을 걸고 최고의 만족을 드릴 수 있도록 노력하겠습니다. 감사합니다.",http://cityfood.co.kr/h.php?id=28592,등심  토시살 인생맛집,12:00~22:00,OFF,OFF,,,"37.493685, 126.489472",육류,0
60,명가푸드,인천광역구 중구 덕교동 132-2,032-746-7222,"안녕하세요. 인천광역시 중구에 위치한 명가푸드입니다.""음식이 보약이다""라는 음식 이념을 추구하는 명가푸드는 고객님의 소중한 가정과 건강을 먼저 생각합니다.항상 초심을 잃지 않고 신선하고 깨끗한 재료를 사용할 것을 고객 여러분께 약속 드립니다.저희 명가푸드를 찾아 주시는 모든 고객분들께 정성을 다하겠습니다.늘 아껴주시고 성원하여 주셔서 감사합니다.",http://cityfood.co.kr/file2/h_0084/41711/,한식뷔페  부대찌개,05:00~21:00,OFF,OFF,,,"37.426965, 126.420927",한식,0
61,키무카츠,세종특별자치시 가람동 406,044-867-2527,"안녕하세요. 세종특별자치시 가람동에 위치한 키무카츠입니다.저희 키무카츠는 재료선별 하나에도 정성을 들여 음식을 만들고,깔끔하고 세련된 실내와 안락한 분위기를 만끽할 수 있어 더욱 특별합니다.저희 키무카츠를 찾아주시는 손님들을 위해 항상 최선을 다해 친절하게 모실것을 약속드립니다.감사합니다.",http://cityfood.co.kr/file2/h_0086/42685/,계란가츠동  카레가츠동,10:00~21:00,OFF,OFF,,,"36.471045, 127.251198",일식,0
62,신세종식당,세종특별자치시 한솔동 168-37 산마을아파트 201동상가 126호,044-866-0082,"안녕하십니까. 세종시 한솔동에 위치한 저희 신세종식당을 방문해 주신 여러분께 감사드립니다.저희 신세종식당은 찾아주시는 고객분들께 저희 신세종식당만의 맛을 전해드리고자 노력하고 있습니다.음식의 맛은 무엇보다도 식재료의 품질과 음식조리에 있을 것입니다.저희 신세종식당은 늘 엄선된 식재료만을 사용하여 고객 여러분께 믿고 신뢰할 수 있는 음식이 될 수 있도록 하고 있으며,어머니의 손맛과도 같은 정갈한 음식조리로써 고객 여러분께 행복의 맛을 전해드리려 하고 있습니다.타 매장과는 다른 저렴한 음식 값으로 부담없이 저희 매장에 오실 수 있도록 배려하고 있습니다.오시는 고객 여러분께 보답하고자 항상 최선을 다하는 서비스를 제공하겠습니다.맛의 진미를 저희 신세종식당에서 느껴보세요.고객 여러분께 친절한 미소를 잃지않는 신세종식당이 될 것을 약속드립니다. 감사합니다.",http://cityfood.co.kr/h.php?id=27173,통삼겹묵은지  감자조립,05:30~22:00,OFF,OFF,,,"36.4817764,127.2600644",한식,0
63,차이향,세종특별자치시 나성동 474 세종퍼스트타워 203호,044-864-8838,"안녕하세요. 세종특별자치시 나성동에 위치하고 있는 차이향입니다.저희 차이향은 찾아주시는 고객 여러분의 사랑에 힘입어 항상 최고가 되기 위해 열과 성을 다하고 행복과 기쁨을 함께 드리려고 노력하는 곳!고객을 생각하는 마음과 가족 같은 마음으로 정성껏 준비하고 친절로서 맞이하고 있습니다.깨끗한 실내 공간과 아늑하고 편리한 시설로 오시는 분의 편안한 안식처가 되겠습니다.최상급의 재료만을 엄선하고, 부담 없는 가격으로 만날 수 있는 곳, 정성스런 마음으로 고객의 만족을 높여 드리며, 항상 친절한 미소와 최상의 서비스로 여러분을 모시겠습니다.",http://cityfood.co.kr/h.php?id=34770,자연송이덮밥  탕수육,09:00~21:00,OFF,ON,,,"36.4836135,127.2594709",중식,0
64,미소마루,세종특별자치시 어진동 3-156 세종마치 403호,044-866-3231,안녕하세요 저희 미소마루는 세종특별자치시 어진동에 위치하고 있습니다.최고가 되기 위해서 항상 최선을 다하며 찾아주시는 고객님들을 밝은 미소 맞이하여 친절함으로 더가까이 다가가고 있습니다.저렴한가격/ 편안한 분위기/ 미소마루만의 깊고 풍부한 맛! 품위 있는 만남 오셔서 직접 느껴보시기 바랍니다. 감사합니다.,http://cityfood.co.kr/h.php?id=31825,아구찜  해물찜,11:00~22:00,OFF,ON,,,"36.5040826,127.2715705",한식,0
65,순희네매운등갈비찜,세종특별자치시 종촌동 97-4,044-863-5343,안녕하세요.세종시 종촌동에 위치한 순희네매운등갈비찜입니다.저희업소는 냉동수입육이아닌 순수국내산 100%냉장(fresh)고기만을 사용합니다.또한 최고의 재료를 엄선해 매일직접 고기를삶고 20여가지의 천연재료를 숙성시켜 양념맛을 더해 맛있게매운 등갈비찜의맛을 느낄수있습니다.한잔의 술과 맛의깊이가있는 순희네등갈비찜으로 놀러오세요!,http://cityfood.co.kr/file2/h_0077/38377/,등갈비찜 치즈볶음밥,11:30~23:30,OFF,OFF,,,"36.5025944,127.2500337",육류,0
66,돈수라,세종특별자치시 고운동 산 239,044-862-3235,"안녕하세요. 세종특별자치시 고운동에 위치한 돈수라입니다.저희 돈수라는 재료선별 하나에도 정성을 들여 음식을 만들고, 깔끔하고 세련된 실내와 안락한 분위기를 만끽할 수 있어 더욱 특별합니다.저희 돈수라를 찾아주시는 손님들을 위해 항상 최선을 다해 친절하게 모실것을 약속드립니다.감사합니다.",http://cityfood.co.kr/h.php?id=34597,순대국  갈비탕,06:00~22:00,OFF,OFF,,,"36.5016334,127.2353548",한식,0
67,바푸리,세종특별자치시 아름동 89 해피라움 1동 109호,044-865-9888,안녕하세요 저희 바푸리는 세종특별자치시 아름동에 위치하고 있습니다.최고가 되기 위해서 항상 최선을 다하며 찾아주시는 고객님들을 밝은 미소 맞이하여 친절함으로 더가까이 다가가고 있습니다.저렴한가격/ 편안한 분위기/ 바푸리만의 깊고 풍부한 맛! 품위 있는 만남 오셔서 직접 느껴보시기 바랍니다. 감사합니다.,http://cityfood.co.kr/h.php?id=32914,바푸리김밥  숯불김밥,09:00~21:00,OFF,OFF,,,"36.5119531,127.2486232",분식,0
68,chai미엔,세종특별자치시 도담동 246-7 205호,044-867-5782,"안녕하세요 저희 chai미엔은 세종특별자치시 도담동에 위치하고 있습니다.남녀노소, 나이불문 누구나 만족할 수 있는 입안에서 살살 녹는 맛을 일품으로 자랑하는 저희 chai미엔은 찾아오시는 모든 고객분들 에게 항상 최고의 서비스와 최상의 맛을 선사해 드립니다.깔끔하고 신선한 느낌의 저희 매장은 손님들께서 깨끗하고 편안한 식사를 하실 수 있도록 최대한의 노력을 기울이고 있으며, 모든 종업원들의 친절서비스는 찾아오시는 모든 분들께 다시 방문하고 싶은 편안함을 선사해 드립니다.저희 chai미엔은 어디에서도 맛보실 수 없는 최고의 맛과 더불어 신선한 재료와 정갈한 맛으로 찾아주시는 모든 분들께 인정받고 있습니다.꼭 찾아오셔서 저희 chai미엔만의 맛을 만나보시기 바랍니다.감사합니다.",http://cityfood.co.kr/file2/h_0083/41044/,코코넛크림새우  양장피,11:30~22:00,OFF,OFF,,,"36.5141251,127.257924",중식,0
69,류창희국수앤국밥,세종특별자치시 조치원읍 교리 24-1번지 메가박스 1층,044-868-9489,"안녕하세요. ""류창희국수앤국밥""입니다.저희 ""류창희국수앤국밥""은 음식을 맛깔스럽게 요리해 푸짐한 양과 고급스러운 맛으로 고객님의 미각을 만족시켜 드립니다.정직한 식재료와 바른 조리법으로 맛을 살리려 노력합니다. 항상 신선하고 연구 개발된 식단으로 여러분을 찾아 뵙겠습니다.언제나 내 가족이 먹는다는 생각으로 정직하고 깨끗하게 정성을 다하는 저희 업소를 찾아주십시오.류창희국수앤국밥의 자부심을 걸고 최고의 만족을 드릴 수 있도록 노력하겠습니다. 감사합니다.",http://cityfood.co.kr/h.php?id=23062,감자만두  수제햄버그,10:00~21:30,OFF,OFF,,,"36.6028439,127.2981577",한식,0
70,엄마손밥상,세종특별자치시 부강면 부강리 434-11,070-8888-4403,"안녕하십니까. 세종특별자치시 부강면에 위치한 저희 엄마손밥상을 방문해 주신 여러분께 감사드립니다.저희 엄마손밥상은 찾아주시는 고객분들께 저희 엄마손밥상만의 맛을 전해드리고자 노력하고 있습니다.음식의 맛은 무엇보다도 식재료의 품질과 음식조리에 있을 것입니다.저희 엄마손밥상은 늘 엄선된 식재료만을 사용하여 고객 여러분께 믿고 신뢰할 수 있는 음식이 될 수 있도록 하고 있으며,어머니의 손맛과도 같은 정갈한 음식조리로써 고객 여러분께 행복의 맛을 전해드리려 하고 있습니다.타 매장과는 다른 저렴한 음식 값으로 부담없이 저희 매장에 오실 수 있도록 배려하고 있습니다.오시는 고객 여러분께 보답하고자 항상 최선을 다하는 서비스를 제공하겠습니다.맛의 진미를 저희 엄마손밥상에서 느껴보세요.고객 여러분께 친절한 미소를 잃지않는 엄마손밥상이 될 것을 약속드립니다. 감사합니다.",http://cityfood.co.kr/h.php?id=31864,청국장  된장찌개,06:00~21:00,OFF,OFF,,,"36.5279832,127.3677583",한식,0
71,JC타르트,대구광역시 달서구 월성동 1310-9,053-639-9222,"반갑습니다. JC타르트는 대구시 달서구에 위치한 수제 타르트 전문업체입니다. JC타르트에서는 소스부터 시럽, 반북까지 모두 직접 만들어 몸에 좋고 맛도 좋은 타르트가 가득합니다. 제철에 나는 과일 위주로 타르트를 만들기 떄문에 더욱 달콤하고 싱싱합니다.언제나 맛있고 건강한 타르트를 만들어 선보이는 JC타르트가 되겠습니다. 감사합니다.",http://cityfood.co.kr/file2/h_0081/40248/,케익  쿠키  타르트,11:00~21:00,OFF,ON,,,"35.819061, 128.527799",디저트,0
72,꿉s,대구광역시 수성구 만촌동 849-13,053-754-8982,반갑습니다. 꿉s 홈페이지에 방문해 주신 고객 여러분께 진심으로 감사드립니다.대구광역시 수성구에 위치한 저희 꿉s은 삶의 질을 향상시키며 먹거리 문화를 한단계 업그레이드 시키는데 노력하겠습니다.자연이 주는 순수함 그리고 편안함을 그대로 여러분께 행복한 맛의 이야기를 만들어가겠습니다.고객 여러분께 친절한 미소를 잃지 않는 저희 꿉s이 될 것을 약속드립니다.고객님 가정의 평화와 사랑이 넘치길 기원하겠습니다. 감사합니다.,http://cityfood.co.kr/h.php?id=31919,막창  삼겹살  목살,17:00~01:00,OFF,OFF,,,"35.856916, 128.648517",육류,0
73,거북이생고기,대구광역시 남구 이천동 557-15,053-472-5600,"안녕하십니까!!! 대구 남구에 위치한 거북이생고기입니다. 보다 편안한 분위기에서 좋은 사람들과 즐거운 만남을 계획하고 계신다구요? 고소하고 담백한 맛을 즐길 수 있는 거북이생고기를 찾으시면 만족하실 겁니다. 매일매일 직송되는 신선한 재료만을 사용하여 요리하는데 그 비결이 있으며, 더불어 넉넉한 인심과 친절한 서비스가 더한 양념으로 제공된답니다. 그 맛이 일품으로 이 맛 때문에 오시는 단골손님들도 많으십니다. 좋은 사람들과 어울려 맛있고 넉넉한 식사모임을 계획해 보신다면 거북이생고기를 찾아주세요. 최고의 음식으로 여러분을 모시겠습니다. 감사합니다.",http://cityfood.co.kr/h.php?id=26379,생고기  육회,16:00~22:00,OFF,OFF,,,"35.848068, 128.604187",육류,0
74,공화루,대구광역시 달서구 송현동 139-19,053-625-9715,"안녕하십니까. 대구광역시 달서구에 위치한 저희 공화루를 방문해 주신 여러분께 감사드립니다. 저희 공화루는 찾아주시는 고객분들께 저희 공화루만의 맛을 전해드리고자 노력하고 있습니다. 식의 맛은 무엇보다도 식재료의 품질과 음식조리에 있을 것입니다. 저희 공화루는 늘 엄선된 식재료만을 사용하여 고객 여러분께 믿고 신뢰할 수 있는 음식이 될 수 있도록 하고 있으며,어머니의 손맛과도 같은 정갈한 음식조리로써 고객 여러분께 행복의 맛을 전해드리려 하고 있습니다. 타 매장과는 다른 저렴한 음식 값으로 부담없이 저희 매장에 오실 수 있도록 배려하고 있습니다. 오시는 고객 여러분께 보답하고자 항상 최선을 다하는 서비스를 제공하겠습니다. 맛의 진미를 저희 공화루에서 느껴보세요.고객 여러분께 친절한 미소를 잃지않는 공화루가 될 것을 약속드립니다. 감사합니다. ",http://cityfood.co.kr/h.php?id=28634,해물짬뽕  탕수육,09:00~21:00,OFF,OFF,,,"35.833925, 128.554021",중식,0
75,DooDoo두두,대구광역시 북구 동천동 899-1 메트로M 2층 202호,053-326-0600,안녕하세요 저희 DooDoo두두는 대구광역시 북구에 위치하고 있습니다.최고가 되기 위해서 항상 최선을 다하며 찾아주시는 고객님들을 밝은 미소 맞이하여 친절함으로 더가까이 다가가고 있습니다.저렴한가격/ 편안한 분위기/ DooDoo두두만의 깊고 풍부한 맛! 품위 있는 만남 오셔서 직접 느껴보시기 바랍니다.감사합니다.,http://cityfood.co.kr/file2/h_0089/44293/,퐁듀  윙봉  생과일화채,18:00~03:00,ON,OFF,,,"35.943649, 128.561209",양식,0
76,담미,부산광역시 금정구 장전동 424-32,051-582-5155,"안녕하세요. 부산광역시 금정구에 위치한 담미입니다.""음식이 보약이다""라는 음식 이념을 추구하는 담미는 고객님의 소중한 가정과 건강을 먼저 생각합니다.항상 초심을 잃지 않고 신선하고 깨끗한 재료를 사용할 것을 고객 여러분께 약속 드립니다.저희 담미를 찾아 주시는 모든 고객분들께 정성을 다하겠습니다.늘 아껴주시고 성원하여 주셔서 감사합니다.",http://cityfood.co.kr/file2/h_0089/44356/,새우쇼마이  만두,10:00~22:00,OFF,ON,,,"35.229768, 129.084062",분식,0
77,녹산뽕입칼국수,부산광역시 강서구 화전동 562-1,051-973-2303,안녕하세요 저희 녹산뽕잎칼국수는 부산 강서구에 위치하고 있습니다.최고가 되기 위해서 항상 최선을 다하며 찾아주시는 고객님들을 밝은 미소 맞이하여 친절함으로 더가까이 다가가고 있습니다. 저렴한가격/ 편안한 분위기/ 녹산뽕잎칼국수만의 깊고 풍부한 맛! 품위 있는 만남 오셔서 직접 느껴보시기 바랍니다. 감사합니다.,http://cityfood.co.kr/h.php?id=21651,뽕잎수제비  뽕잎칼국수,09:00~20:00,OFF,OFF,,,"35.110844, 128.879677",한식,0
78,교리김밥,부산광역시 기장군 기장읍 교리 336-2,051-723-3849,"안녕하세요. 부산광역시 기장군에 위치한 교리김밥을 찾아주셔서 감사드립니다.저희 교리김밥은 다양한 메뉴를 제공하는 음식점으로 저희만의 맛을 전해드리고자 노력하고 있습니다.재료선별 하나에도 정성을 들여 늘 엄선된 식재료만을 사용하여 고객 여러분께서 신뢰할 수 있는 음식이 될 수 있도록 하고 있으며, 또한 어머니의 손 맛과도 같은 정갈한 음식 조리로 행복의 맛을 전해드리고 있습니다.또 저렴한 음식값으로 부담 없이 저희 매장에 오실 수 있도록 배려하고 있습니다.최고의 맛으로 최상의 서비스를 드리고자 늘 노력하는 교리김밥이 되겠습니다. 감사합니다.",http://cityfood.co.kr/file2/h_0080/39636/,수제비  콩국수,07:00~22:00,OFF,ON,,,"35.252086, 129.215598",분식,0
79,고기한판무진장,부산광역시 해운대구 반송동 257-477,051-544-3667,"안녕하세요. 부산 해운대구에 위치하고 있는 고기한판무진장(구.빙그레)입니다. 저희 고기한판무진장(구.빙그레)는 찾아주시는 고객 여러분의 사랑에 힘입어 항상 최고가 되기 위해 열과 성을 다하고 행복과 기쁨을 함께 드리려고 노력하는 곳! 고객을 생각하는 마음과 가족 같은 마음으로 정성껏 준비하고 친절로서 맞이하고 있습니다. 깨끗한 실내 공간과 아늑하고 편리한 시설로 오시는 분의 편안한 안식처가 되겠습니다. 최상급의 재료만을 엄선하고, 부담 없는 가격으로 만날 수 있는 곳, 정성스런 마음으로 고객의 만족을 높여 드리며, 항상 친절한 미소와 최상의 서비스로 여러분을 모시겠습니다.",http://cityfood.co.kr/h.php?id=24397,쭈삼불고기  고추장삼겹살,16:00~03:00,OFF,OFF,,,"35.224751, 129.150181",육류,0
80,가마솥,부산광역시 중구 광복동3가 5-51,051-255-8880,"안녕하세요. 부산광역시 중구에 위치하고 있는 가마솥입니다. 저희 가마솥은 찾아주시는 고객 여러분의 사랑에 힘입어 항상 최고가 되기 위해 열과 성을 다하고 행복과 기쁨을 함께 드리려고 노력하는 곳! 고객을 생각하는 마음과 가족 같은 마음으로 정성껏 준비하고 친절로서 맞이하고 있습니다. 깨끗한 실내 공간과 아늑하고 편리한 시설로 오시는 분의 편안한 안식처가 되겠습니다. 최상급의 재료만을 엄선하고, 부담 없는 가격으로 만날 수 있는 곳, 정성스런 마음으로 고객의 만족을 높여 드리며, 항상 친절한 미소와 최상의 서비스로 여러분을 모시겠습니다.",http://cityfood.co.kr/h.php?id=29093,보쌈  돌솥밥,10:00~22:00,OFF,OFF,,,"35.099817, 129.031515",한식,0
81,ibrik이브릭,경상북도 경산시 정평동 199-4,053-818-0733,"안녕하십니까!!! 경상북도 경산시에 위치한 ibrik이브릭입니다.보다 편안한 분위기에서 좋은 사람들과 즐거운 만남을 계획하고 계신다구요? 고소하고 담백한 맛을 즐길 수 있는 ibrik이브릭을 찾으시면 만족하실 겁니다. 매일매일 직송되는 신선한 재료만을 사용하여 요리하는데 그 비결이 있으며, 더불어 넉넉한 인심과 친절한 서비스가 더한 양념으로 제공된답니다. 그 맛이 일품으로 이 맛 때문에 오시는 단골손님들도 많으십니다. 좋은 사람들과 어울려 맛있고 넉넉한 식사모임을 계획해 보신다면 ibrik이브릭을 찾아주세요. 최고의 음식으로 여러분을 모시겠습니다. 감사합니다.",http://cityfood.co.kr/h.php?id=34286,아메리카노  더치커피,10:00~24:00,OFF,OFF,,,"35.834149, 128.725999",디저트,0
82,나루터,경상북도 울진군 후포면 후포리 339,054-787-0400,"안녕하세요. ""나루터""입니다.저희 ""나루터""는 음식을 맛깔스럽게 요리해 푸짐한 양과 고급스러운 맛으로 고객님의 미각을 만족시켜 드립니다.정직한 식재료와 바른 조리법으로 맛을 살리려 노력합니다. 항상 신선하고 연구 개발된 식단으로 여러분을 찾아 뵙겠습니다.언제나 내 가족이 먹는다는 생각으로 정직하고 깨끗하게 정성을 다하는 저희 업소를 찾아주십시오.나루터의 자부심을 걸고 최고의 만족을 드릴 수 있도록 노력하겠습니다. 감사합니다.",http://cityfood.co.kr/file2/h_0089/44063/,해물탕  골뱅이회,08:00~24:00,OFF,ON,,,"36.683160, 129.457692",일식,0
83,farmersdish파머스디쉬,경상남도 거제시 고현동 978-10,055-638-1111,"안녕하세요. farmersdish파머스디쉬입니다.저희 farmersdish파머스디쉬은 음식을 맛깔스럽게 요리해 푸짐한 양과 고급스러운 맛으로 고객님의 미각을 만족시켜 드립니다. 정직한 식재료와 바른 조리법, 신선하고 연구 개발된 식단으로 여러분을 찾아 뵙겠습니다.언제나 내 가족이 먹는다는 생각으로 정직하고 깨끗하게 정성을 다하는 저희 업소를 찾아주십시오.farmersdish파머스디쉬의 자부심을 걸고 최고의 만족을 드릴 수 있도록 노력하겠습니다. 감사합니다.",http://cityfood.co.kr/h.php?id=30363,안심스테이크  로제파스타,10:30~22:30,OFF,OFF,,,"34.890238, 128.623060",양식,0
84,국모닝,경상남도 진주시 충무공동 284-7 한라빌딩 106호,055-759-5432,안녕하세요 저희 국모닝은 경상남도 진주시에 위치하고 있습니다.저희 국모닝은 일반 음식점에서 느낄 수 없는 깊은 맛을 자랑하며 특별한 맛으로 손님여러분을 모시고 있습니다.외지에서도 손님이 많이 찾아 오고 있으며 오시는 분들께 맛있는 먹거리를 제대로 대접해 드리기 위해 노력하고 있습니다.국모닝에서 음식의 참맛을 느껴보세요. 최고의 맛으로 모시겠습니다.감사합니다.,http://cityfood.co.kr/file2/h_0085/42219/,추어탕  낚지볶음  두루치기,11:00~21:00,OFF,OFF,,,"35.1750995,128.1481532",한식,0
85,노랑통닭,경상남도 창원시 마산회원구 내서읍 삼계리 605-1,055-232-8292,"안녕하세요. 경상남도 창원시 마산회원구에 위치한 노랑통닭입니다.""음식이 보약이다""라는 음식 이념을 추구하는 노랑통닭은 고객님의 소중한 가정과 건강을 먼저 생각합니다.항상 초심을 잃지 않고 신선하고 깨끗한 재료를 사용할 것을 고객 여러분께 약속 드립니다.저희 노랑통닭을 찾아 주시는 모든 고객분들께 정성을 다하겠습니다.늘 아껴주시고 성원하여 주셔서 감사합니다.",http://cityfood.co.kr/h.php?id=24257,깐풍기. 양념똥집,13:00~01:00,OFF,OFF,,,"35.231990, 128.499186",치킨,0
86,갱여사네홍떡,광주광역시 광산구 수완동 906,062-953-8889,반갑습니다. 갱여사네홍떡 홈페이지에 방문해 주신 고객 여러분께 진심으로 감사드립니다.광주광역시 광산구에 위치한 저희 갱여사네홍떡은 삶의 질을 향상시키며 먹거리 문화를 한단계 업그레이드 시키는데 노력하겠습니다.자연이 주는 순수함 그리고 편안함을 그대로 여러분께 행복한 맛의 이야기를 만들어가겠습니다. 고객 여러분께 친절한 미소를 잃지 않는 저희 갱여사네홍떡이 될 것을 약속드립니다.고객님 가정의 평화와 사랑이 넘치길 기원하겠습니다. 감사합니다.,http://cityfood.co.kr/file2/h_0083/41189/,쫄면  고구마맛탕,11:00~21:00,OFF,OFF,,,"35.201650, 126.820719",분식,0
87,까도슈크레,광주광역시 북구 오치동 949-33,062-251-6689,"안녕하세요. 까도슈크레입니다.정직한 식재료와 바른 조리법, 신선하고 연구 개발된 식단으로 여러분을 찾아 뵙겠습니다.언제나 내 가족이 먹는다는 생각으로 정직하고 깨끗하게 정성을 다하는 저희 업소를 찾아주십시오.까도슈크레의 자부심을 걸고 최고의 만족을 드릴 수 있도록 노력하겠습니다. 감사합니다.",http://cityfood.co.kr/h.php?id=31362,마카롱  비스켓,07:00~22:30,OFF,ON,,,"35.187414, 126.903125",분식,0
88,건강한밥상,광주광역시 서구 풍암동 954-10,062-682-1250,반갑습니다. 건강한밥상 홈페이지에 방문해 주신 고객 여러분께 진심으로 감사드립니다.광주광역시 서구에 위치한 저희 건강한밥상은 삶의 질을 향상시키며 먹거리 문화를 한단계 업그레이드 시키는데 노력하겠습니다.자연이 주는 순수함 그리고 편안함을 그대로 여러분께 행복한 맛의 이야기를 만들어가겠습니다. 고객 여러분께 친절한 미소를 잃지 않는 저희 건강한밥상이 될 것을 약속드립니다.고객님 가정의 평화와 사랑이 넘치길 기원하겠습니다. 감사합니다.,http://cityfood.co.kr/file2/h_0086/42678/,백반  생선구이,10:00~21:00,OFF,OFF,,,"35.122562, 126.866353",한식,0
89,까스까스돈가스,광주광역시 남구 양림동 72-1 1층,062-456-0038,"안녕하십니까!!! 광주광역시 남구에 위치한 까스까스돈가스입니다.보다 편안한 분위기에서 좋은 사람들과 즐거운 만남을 계획하고 계신다구요? 고소하고 담백한 맛을 즐길 수 있는 까스까스돈가스를 찾으시면 만족하실 겁니다. 매일매일 직송되는 신선한 재료만을 사용하여 요리하는데 그 비결이 있으며, 더불어 넉넉한 인심과 친절한 서비스가 더한 양념으로 제공된답니다. 그 맛이 일품으로 이 맛 때문에 오시는 단골손님들도 많으십니다. 좋은 사람들과 어울려 맛있고 넉넉한 식사모임을 계획해 보신다면 까스까스돈가스를 찾아주세요. 최고의 음식으로 여러분을 모시겠습니다.감사합니다.",http://cityfood.co.kr/file2/h_0080/39932/,돈까스  함박스테이크,11:00~21:30,OFF,OFF,,,"35.138068, 126.917283",양식,0
90,1960청원모밀,광주광역시 동구 충장로3가 31-7,062-225-1960,"안녕하십니까. 광주 동구에 위치한 저희 1960청원모밀을 방문해 주신 여러분께 감사드립니다. 저희 1960청원모밀은 찾아주시는 고객분들께 저희 1960청원모밀만의 맛을 전해드리고자 노력하고 있습니다. 음식의 맛은 무엇보다도 식재료의 품질과 음식조리에 있을 것입니다. 저희 1960청원모밀은 늘 엄선된 식재료만을 사용하여 고객 여러분께 믿고 신뢰할 수 있는 음식이 될 수 있도록 하고 있으며,어머니의 손맛과도 같은 정갈한 음식조리로써 고객 여러분께 행복의 맛을 전해드리려 하고 있습니다. 타 매장과는 다른 저렴한 음식 값으로 부담없이 저희 매장에 오실 수 있도록 배려하고 있습니다. 오시는 고객 여러분께 보답하고자 항상 최선을 다하는 서비스를 제공하겠습니다. 맛의 진미를 저희 1960청원모밀에서 느껴보세요.고객 여러분께 친절한 미소를 잃지않는 1960청원모밀이 될 것을 약속드립니다. 감사합니다. ",http://cityfood.co.kr/h.php?id=26812,유부초밥 모밀,10:30~21:00,OFF,OFF,,,"35.149146, 126.914456",한식,0
91,금호한우방,전라북도 정읍시 금붕동 727-2,063-538-9252,안녕하십니까! 전라북도 정읍시에 위치해 있는 금호한우방입니다.소중한 분들과의 만남을 저희 금호한우방에서 함께 하신다면 친절한 서비스와 저렴한 가격으로 맛있는 요리를 맛 보실수 있고 최고의 만찬을 즐기실 수 있는 곳입니다. 아늑한 실내 분위기와 품격 높은 서비스로 고객 여러분의 품위를 향상시켜 드리는 저희 금호한우방에서 편안하고 아름다운 소중한 추억을 만드세요. 최상의 서비스와 최고의 만족으로 보답하겠습니다.감사합니다.,http://cityfood.co.kr/file2/h_0088/43772/,꽃등심  갈비살  살치살,10:00~22:00,OFF,OFF,,,"35.555263, 126.881326",육류,0
92,깜돈,전라북도 남원시 하정동 61,063-630-5092,안녕하십니까. 전라북도 남원시에 위치한 저희 깜돈을 방문해 주신 여러분께 감사드립니다.타 매장과는 다른 저렴한 음식 값으로 부담없이 저희 매장에 오실 수 있도록 배려하고 있습니다. 오시는 고객 여러분께 보답하고자 항상 최선을 다하는 서비스를 제공하겠습니다. 맛의 진미를 저희 깜돈에서 느껴보세요.고객 여러분께 친절한 미소를 잃지않는 깜돈이 될 것을 약속드립니다. 감사합니다.,http://cityfood.co.kr/h.php?id=24805,흑돼지  떡갈비  껍데기,11:00~12:00,OFF,OFF,,,"35.407399, 127.381656",육류,0
93,골방,전라남도 목포시 옥암동 1181-5,061-283-1235,"안녕하세요. ""골방""입니다.저희 ""골방""은 음식을 맛깔스럽게 요리해 푸짐한 양과 고급스러운 맛으로 고객님의 미각을 만족시켜 드립니다.정직한 식재료와 바른 조리법으로 맛을 살리려 노력합니다. 항상 신선하고 연구 개발된 식단으로 여러분을 찾아 뵙겠습니다.언제나 내 가족이 먹는다는 생각으로 정직하고 깨끗하게 정성을 다하는 저희 업소를 찾아주십시오.골방의 자부심을 걸고 최고의 만족을 드릴 수 있도록 노력하겠습니다. 감사합니다.",http://cityfood.co.kr/h.php?id=30977,쌍화탕  대추즙,10:30~22:10,OFF,OFF,,,"34.812960, 126.442884",한식,0
94,꽃자리,전라남도 광양시 광영동 722-8,061-793-3543,"안녕하세요. 전라남도 광양시에 위치한 꽃자리입니다.저희 꽃자리는 재료선별 하나에도 정성을 들여 음식을 만들고, 깔끔하고 세련된 실내와 안락한 분위기를 만끽할 수 있어 더욱 특별합니다.저희 꽃자리를 찾아주시는 손님들을 위해 항상 최선을 다해 친절하게 모실것을 약속드립니다.감사합니다.",http://cityfood.co.kr/h.php?id=25047,떡  떡케익,06:00~19:00,OFF,OFF,,,"34.960419, 127.724806",디저트,0
95,나주성,전라남도 나주시 송월동 1252,061-332-9816,안녕하십니까! 전라남도 나주시에 위치해 있는 나주성입니다.소중한 분들과의 만남을 저희 나주성에서 함께 하신다면 친절한 서비스와 저렴한 가격으로 맛있는 요리를 맛 보실수 있고 최고의 만찬을 즐기실 수 있는 곳입니다. 아늑한 실내 분위기와 품격 높은 서비스로 고객 여러분의 품위를 향상시켜 드리는 저희 나주성에서 편안하고 아름다운 소중한 추억을 만드세요. 최상의 서비스와 최고의 만족으로 보답하겠습니다.감사합니다.,http://cityfood.co.kr/file2/h_0080/39844/,콩국수  냉우동,11:00~21:00,OFF,OFF,,,"35.0166054,126.7160536",중식,0
96,flyingpig,제주도 서귀포시 서귀동 417-10,064-733-7470,"안녕하세요. Flyingpig입니다.저희 Flyingpig은 음식을 맛깔스럽게 요리해 푸짐한 양과 고급스러운 맛으로 고객님의 미각을 만족시켜 드립니다. 정직한 식재료와 바른 조리법, 신선하고 연구 개발된 식단으로 여러분을 찾아 뵙겠습니다.언제나 내 가족이 먹는다는 생각으로 정직하고 깨끗하게 정성을 다하는 저희 업소를 찾아주십시오.Flyingpig의 자부심을 걸고 최고의 만족을 드릴 수 있도록 노력하겠습니다. 감사합니다.",http://cityfood.co.kr/h.php?id=24642,목살  생고기  대패삼겹살,17:00~04:00,OFF,OFF,,,"33.247072, 126.564081",육류,0
97,americas롤앤스시,제주도 서귀포시 중문동 2119-3,064-738-1966,안녕하십니까! 제주도 서귀포시에 위치해 있는 americas롤앤스시입니다. 소중한 분들과의 만남을 저희 americas롤앤스시에서 함께 하신다면 친절한 서비스와 저렴한 가격으로 맛있는 요리를 맛 보실수 있고 최고의 만찬을 즐기실 수 있는 곳입니다. 아늑한 실내 분위기와 품격 높은 서비스로 고객 여러분의 품위를 향상시켜 드리는 저희 americas롤앤스시에서 편안하고 아름다운 소중한 추억을 만드세요. 최상의 서비스와 최고의 만족으로 보답하겠습니다. 감사합니다. 전메뉴 포장됩니다.,http://cityfood.co.kr/h.php?id=28094,롤  사시미  사케,11:00~02:00,OFF,OFF,,,"33.251602, 126.424334",일식,0
98,국수네몸국,제주도 제주시 이도2동 1982-18,064-756-5200,안녕하세요 저희 국수네몸국은 제주도 제주시에 위치하고 있습니다.최고가 되기 위해서 항상 최선을 다하며 찾아주시는 고객님들을 밝은 미소 맞이하여 친절함으로 더가까이 다가가고 있습니다. 저렴한가격/ 편안한 분위기/ 국수네몸국만의 깊고 풍부한 맛! 품위 있는 만남 오셔서 직접 느껴보시기 바랍니다. 감사합니다.,http://cityfood.co.kr/h.php?id=26795,돔베고기  문어숙회,09:00~22:00,OFF,OFF,,,"33.4892096,126.5405012",한식,0
99,기막힌회,제주도 제주시 노형동 905-10,064-796-3900,"안녕하십니까. 제주도 제주시에 위치한 저희 기막힌회를 방문해 주신 여러분께 감사드립니다. 저희 기막힌회는 찾아주시는 고객분들께 저희 기막힌회만의 맛을 전해드리고자 노력하고 있습니다. 음식의 맛은 무엇보다도 식재료의 품질과 음식조리에 있을 것입니다. 저희 기막힌회는 늘 엄선된 식재료만을 사용하여 고객 여러분께 믿고 신뢰할 수 있는 음식이 될 수 있도록 하고 있으며,어머니의 손맛과도 같은 정갈한 음식조리로써 고객 여러분께 행복의 맛을 전해드리려 하고 있습니다. 타 매장과는 다른 저렴한 음식 값으로 부담없이 저희 매장에 오실 수 있도록 배려하고 있습니다. 오시는 고객 여러분께 보답하고자 항상 최선을 다하는 서비스를 제공하겠습니다. 맛의 진미를 저희 기막힌회에서 느껴보세요.고객 여러분께 친절한 미소를 잃지않는 기막힌회가 될 것을 약속드립니다. 감사합니다.",http://cityfood.co.kr/h.php?id=25257,참돔  회국수  회덮밥,00:00~23:00,OFF,OFF,,,"33.487763, 126.483450",일식,0
100,꺼멍흑돼지,제주도 제주시 노형동 2737,064-748-9285,"안녕하세요? 꺼멍은 제주도 고유 방언으로 ""검다""는 뜻입니다.구제역 청정지역인 제주도에서 haccp (식품위해요소 중점관리기준)인증을 받은 농장에서 생산하는 흑돼지만을 농장직영으로 고객님께 공급하는 흑돼지 전문점 입니다. 제주의 고기는 역시 흑돼지입니다.신선한 선홍색빛깔의 최고 품질의 흑돼지만을 엄선하여 최고의 맛괴 최상의 서비스 언제나 청결과 정성을 담아 고객 여러분의 건강한 소중한 시간이 빛날 수 있도록 노력하는 곳 그 곳이 바로 제주도 No.1 농장직영 흑돼지 전문점 ""꺼멍입니다"" 감사합니다.",http://cityfood.co.kr/file2/h_0079/39157/,목살  오겹살  냉면,10:00~22:00,OFF,OFF,,,"33.491742, 126.472443",육류,0
101,가또앤브레드,대전광역시 대덕구 송촌동 496-7,042-633-7749,안녕하세요 저희 가또앤브레드는 대전광역시 대덕구에 위치하고 있습니다.최고가 되기 위해서 항상 최선을 다하며 찾아주시는 고객님들을 밝은 미소 맞이하여 친절함으로 더가까이 다가가고 있습니다. 저렴한가격/ 편안한 분위기/ 가또앤브레드만의 깊고 풍부한 맛! 품위 있는 만남 오셔서 직접 느껴보시기 바랍니다. 감사합니다.,http://cityfood.co.kr/h.php?id=30634,바게뜨  아메리카노,06:30~23:00,OFF,ON,,,"36.364103, 127.445706",디저트,0
102,달마루,대전광역시 동구 용전동 63-25,042-622-3697,안녕하세요 저희 달마루는 대전광역시 동구에 위치하고 있습니다.저희 달마루는 일반 음식점에서 느낄 수 없는 깊은 맛을 자랑하며 특별한 맛으로 손님여러분을 모시고 있습니다.외지에서도 손님이 많이 찾아 오고 있으며 오시는 분들께 맛있는 먹거리를 제대로 대접해 드리기 위해 노력하고 있습니다.달마루에서 음식의 참맛을 느껴보세요.최고의 맛으로 모시겠습니다. 감사합니다.,http://cityfood.co.kr/h.php?id=34401,삼겹살  닭도리탕,17:00~24:00,OFF,OFF,,,"36.351564, 127.436608",한식,0
103,13 31,울산광역시 남구 달동 191-8,070-8878-9820,"안녕하세요. 울산광역시 남구에 위치한 13-31입니다.저희 13-31은 재료선별 하나에도 정성을 들여 만들고, 깔끔하고 세련된 실내와 안락한 분위기를 만끽할 수 있어 더욱 특별합니다.저희 13-31을 찾아주시는 손님들을 위해 항상 최선을 다해 친절하게 모실것을 약속드립니다.감사합니다.",http://cityfood.co.kr/file2/h_0078/38661/,달코밀싹  퍼니캐롯,10:00~22:30,OFF,ON,,,"35.533519, 129.324239",디저트,0
104,가보한우한돈,울산광역시 북구 화봉동 1464-1번지,052-222-9771,"안녕하세요. ""가보한우한돈""입니다.저희 ""가보한우한돈""은 음식을 맛깔스럽게 요리해 푸짐한 양과 고급스러운 맛으로 고객님의 미각을 만족시켜 드립니다.정직한 식재료와 바른 조리법으로 맛을 살리려 노력합니다. 항상 신선하고 연구 개발된 식단으로 여러분을 찾아 뵙겠습니다.언제나 내 가족이 먹는다는 생각으로 정직하고 깨끗하게 정성을 다하는 저희 업소를 찾아주십시오.가보한우한돈의 자부심을 걸고 최고의 만족을 드릴 수 있도록 노력하겠습니다. 감사합니다.",http://cityfood.co.kr/h.php?id=23638,한우  육회,10:00~22:00,OFF,OFF,,,"35.594126, 129.366039",육류,0
105,게잡는날,울산광역시 동구 방어동 91-8,052-201-6318,반갑습니다. 게잡는날 홈페이지에 방문해 주신 고객 여러분께 진심으로 감사드립니다.울산광역시 동구에 위치한 저희 게잡는날은 삶의 질을 향상시키며 거리 문화를 한단계 업그레이드 시키는데 노력하겠습니다.자연이 주는 순수함 그리고 편안함을 그대로 여러분께 행복한 맛의 이야기를 만들어가겠습니다. 고객 여러분께 친절한 미소를 잃지 않는 저희 게잡는날이 될 것을 약속드립니다.고객님 가정의 평화와 사랑이 넘치길 기원하겠습니다. 감사합니다.,http://cityfood.co.kr/file2/h_0087/43091/,홍게짬뽕  게장볶음밥,17:00~24:00,OFF,ON,,,"35.4870233,129.4292779",일식,0
106,등나무집,서울특별시 동작구 신대방동 687-14,02-843-8989,등나무집은 지하철 신대방역? 4번출구 근처에 있는 소꼬리찜이 유명한 곳이다 식신로드 33회에선 꼬리찜 뿐만아니라 도가니무침과 도가니탕 그리고 꼬리탕까지 야무지게 먹으며 소개했던 곳이다.주차공간이 널찍해서 차량을 가져가도 편하다고 한다.실내도 오랜 세월의 흔적이 있지만 깔끔하다.도가니탕이나?족탕 등의 탕류와 꼬리찜 등의 찜류외에 한우 꽃등심 같은 한우 구이도 있다.,,꼬리찜  우족찜,11:00~22:00,ON,OFF,식신로드,https://www.youtube.com/embed/fFZwgPcW7FM,"37.488171, 126.907867",육류,0
107,디저트리,서울특별시 강남구 신사동 653-7,02-518-3852,디저트리는 도산공원 근처에 있는 디저트 카페입니다. 독트한점은 디저트를 코스로 먹을 수 있다는 것입니다. 물론 단품으로도 주문이 가능합니다.,,아이스크림  오믈릿,14:00~23:00,ON,OFF,식신로드,https://www.youtube.com/embed/ly6J5BQkXgA,"37.524181, 127.037751",디저트,0
108,줄리에뜨,서울특별시 서초구 반포동 577-41,02-535-4002,파리 르 꼬르동 블루에서 공부하고 캐나다 몬트리올 유명 케익점에서 오랫동안 타르트를 만들던 쉐프가 운영하는 수제 타르트 전문점,http://juliette2.modoo.at/,타르트  케익,10:00~22:00,ON,OFF,식신로드,https://www.youtube.com/embed/qWvuqFhrTTU,"37.493939, 127.001029",디저트,0
109,명월집,서울특별시 성북구 동소문동1가 62,02-764-6354,서울 한성대 입구역 인근에 가면 유명한 돼지불고기 집이 있다지요.. 예전 tv에서 몇번 본것 같기도 하고 최근 유명 방송에도 출연해 3대가 덕을 쌓아야 먹을 수 있다는 말이 나오는 곳이기도 합니다. 하지만 원래 예약이 어려운 시스템으로 운영되고 있었던 명월집.,,"돼지불고기, 인생맛집",17:30~,ON,OFF,식신로드,https://www.youtube.com/embed/azzFoV34_zc,"37.590013, 127.008383",육류,0
110,충무로주꾸미불고기,서울특별시 중구 필동1가 3-20,02-2279-0803,"방송에도 꽤 여러 번 나왔던 집. 이 집의 주꾸미불고기는 막걸리와 청주, 그리고 절대 가르쳐 줄 수 없는 비밀의 술을 넣어 만들어 특별하다. 조금만 늦게 가도 번호표를 받아야 하는 곳이니 가보기로 결심했다면 서두르는 게 좋다.진짜 매운 맛을 원한다면 주문할 때 미리 말해 진짜 뜨거운 맛을 볼 수 있다. 오직 약간의 소금으로 간을 한 콩나물국과 함께 먹고 돌아서면 다시 또 들어가 먹고 싶어지는 집이다. 매콤하게 양념한 주꾸미와 키조개 관자 모듬 메뉴 역시 추천할 만하다.",,쭈꾸미  불고기,11:30~22:00,ON,OFF,식신로드,https://www.youtube.com/embed/qBFnUn7CKts,"37.561725, 126.992189",육류,0
111,블루55,서울특별시 용산구 이태원동 180-16,02-790-5551,하늘에서 눈이 내려와~가 아닌 치킨안에 눈이 내려와! 전기그릴에 정성껏 구워낸 통닭과 크림소스의 만남…여기에 생크림소스를 콕 찍어먹으면 화이트 크리스마스에 잘 어울리는 스윗치킨,,치킨  소시지  포크스틱,16:00~02:00,ON,OFF,테이스티로드,http://vodplayer.interest.me/embed/cjpromotion/watch?idpath=89348,"37.5330246,126.9941185",양식,0
112,르봉마리아쥬,서울특별시 용산구 이태원동 343-2,02-790-6718,문앞을 지키는 장난감 병정부터 거울달린 샹들리에까지~ 세련된 인테리어가 인상적인 이 곳에만 오면 여자들의 목이 절로 꺽인다,,타르트  케익,12:00~21:00,ON,OFF,테이스티로드,http://vodplayer.interest.me/embed/cjpromotion/watch?idpath=89338,"37.537447, 126.988446",디저트,0
113,로드스테이크,서울특별시 용산구 녹사평대로 230,02-749-1080,스테이크+음료조합으로 모양새는 콜팝과 흡사한 비쥬얼…스테이크를 길거리에서 먹다니…,http://www.roadsteak.com/,스테이크  치즈스틱,11:00~23:00,OFF,OFF,테이스티로드,http://vodplayer.interest.me/embed/cjpromotion/watch?idpath=89321,"37.538090, 126.987078",양식,0
114,하이파이브 교자,서울특별시 용산구 이태원동 303-20,02-797-8270,"평범한 교차 NO 교자의 세계화, 각 나라의 대표 식자료로 만든 가니쉬와 교자의 소를 두둑이 채워 만든 퓨전 교자 맛집",,교자전문,14:00~22:00,OFF,OFF,테이스티로드,http://vodplayer.interest.me/embed/cjpromotion/watch?idpath=88783,"37.538506, 126.988771",양식,0
115,라면점빵,서울특별시 종로구 자하문로 1길 39,02-738-7865,"라면 종류가 어마어마하다고 소문이 난…무려 22가지, 보고만 잇어도 선택장애 올 듯한…하지만 골라먹는 재미도 쏠쏠",,라면  김밥,09:00~20:00,OFF,OFF,테이스티로드,http://vodplayer.interest.me/embed/cjpromotion/watch?idpath=85608,"37.576556, 126.970119",분식,0
116,자매국수,제주도 제주시 일도2동 1034-10,064-727-1112,"제주 지역민들이 강력추천하는 18년 전통의 자매국수, 고기국수를 시키면 돔베고기 한접시가 기본",,국수전문,00:00~24:00,ON,OFF,백종원의 3대천왕,https://www.youtube.com/embed/L06AVbshYOg,"33.508402, 126.532344",한식,0
117,신발원,부산광역시 동구 대영로243번길 62,051-467-0177,"60년이상 운영되고 잇는 중국식 빵과 만두를 전문적으로 판매하는 가게로, 차이나타운의 대표적인 중국식 만두 전문 음식점",,만두 꽈배기  계란빵,11:30~21:00,OFF,OFF,백종원의 3대천왕,https://www.youtube.com/embed/Tc67umPKFss,"35.114854, 129.038717",분식,0
118,뉴욕통닭,대구광역시 중구 동성로3가 59-1,053-253-0070,대구에서 가장 맛있는 양념통닭 손꼽으라면 두말않고 뉴욕통닭 강력 추천,,치킨  찜닭,11:30~21:30,OFF,ON,백종원의 3대천왕,http://www.dailymotion.com/embed/video/k7K5SQfkSq6nGleimFQ,"35.866875, 128.592380",치킨,0
119,정식당,대전광역시 중구 대흥동 216-7,042-257-5055,대전 맛집 골목중 맛집인 20여년 전통의 닭볶음탕 전문,,닭볶음탕  추어탕,12:00~22:00,ON,OFF,백종원의 3대천왕,https://www.youtube.com/embed/WxPMPli4vq8,"36.326750, 127.425733",한식,0
120,안젤라분식,전라북도 군산시 영화동 18-4,063-443-3929,평일 오후 4시가 넘었는데 분식집에 사람이 많다? 떡볶이의 3대 맛집,,떡볶이  잡채,11:00~19:00,OFF,OFF,백종원의 3대천왕,https://www.youtube.com/embed/Tqa9LGsC5SU,"35.988935, 126.710917",분식,0
121,소문난동래파전,부산광역시 동래구 온천1동 204-11,051-553-5464,민속촌에서 파전을 판다? 그것도 맛집중에 명문,http://m.blog.naver.com/PostList.nhn?blogId=gudgml1,파전전문,10:00~20:00,OFF,OFF,맛있는 녀석들,https://www.youtube.com/embed/nLcFh4hlANE,"35.218577, 129.078146",한식,0
122,뉴문 한우 육회,서울특별시 강남구 논현동 143-2,02-3444-6533,우둔살로 연하게~ 고소하고 부드러운 육회,,육회  사시미 인생맛집,09:00~04:00,OFF,OFF,맛있는 녀석들,https://www.youtube.com/embed/4OFAY0Du65A,"37.509696, 127.022774",한식,0
123,일번지 포장마차,서울특별시 영등포구 여의도동 15-12,없음,포장마차도 맛집이 있다? 포장마차하면 빠질수 없는 우동,,계란말이  꼼장어  오돌뼈,알수없음,OFF,OFF,맛있는 녀석들,https://www.youtube.com/embed/-Pg-DKajdk0,"37.528491, 126.919429",한식,0
124,콩지팥찌,경기도 의왕시 청계동 544-1,031-426-9292,팥죽과 칼국수의 조화는 어떤맛일까? 상상으로 어울리지않지만 어울리게 하는 그곳,,팥죽  비빔밥,11:00~21:30,ON,OFF,맛있는 녀석들,https://www.youtube.com/embed/kt_1R2luRFw?list=PLL5BQw0CIUjh0tKzN47S9btMqO3LEKPYb,"37.393253, 127.010362",한식,0
125,땅끝마을매생이굴국밥,서울특별시 용산구 원효로2가 80-18 1층,02-715-7403,해장의 끝은? 해장국 NONO 매생이국밥 OK,http://blog.naver.com/jjellss,매생이  해닭,11:00~21:00,OFF,OFF,맛있는 녀석들,https://www.youtube.com/embed/u_f2gzaDTKA,"37.536021, 126.962209",한식,0
126,북막골,서울특별시 종로구 삼청동 30-2,02-730-0980,"길이는 26cm  무게는 750g,이게 그 어마어마한 대왕갈비",http://www.menupan.com/restaurant/onepage.asp?acode=H119852,"대왕갈비, 구석기갈비",11:00~21:30,ON,OFF,찾아라 맛있는TV,https://www.youtube.com/embed/TP7_EKR1pA4,"34.8442979,127.3458571",육류,0
127,동흥관,서울특별시 금천구 시흥대로63길 20,02-802-0137,"51년 전통 중국집, 꿔바로우 등 시중에 맛보기 힘든 중국음식의 메인맛집",http://www.donghung.co.kr/,"꿔바로우,전가복",11:30~22:00,ON,ON,찾아라 맛있는TV,https://www.youtube.com/embed/7woZzYNy8BQ,"37.4551073,126.8987198",중식,0
128,가매초밥,광주광역시 동구 문화전당로 43,062-232-6677,"눈감고도 생선을 맞추는 장인이 썰어주는 회집, 2만9천원에 4인분이?",http://gamasushi.com/,"초밥, 회정식,구시 아게",10:30~02:00,ON,OFF,찾아라 맛있는TV,https://www.youtube.com/embed/g4JEKw46rog,"35.1462889,126.9185446",일식,0
129,연곡꾹저구탕,강원도 강릉시 연곡면 방내리 69-7,033-661-1494,꾹저구탕 맛의 가장 큰 특징은 뚝배기 속에 꾹저구와 함께 대파 버섯 깻잎 등 야채를 듬뿍 넣어 뒷맛이 깨끗하다는 점이다. 좌석 약 80석 보유하고 있으며 20여대 가량 주차 가능합니다.,http://www.menupan.com/restaurant/onepage.asp?acode=H201155,"꾹저구탕,은어튀김, 메밀전",09:00~21:00,ON,OFF,찾아라 맛있는TV,https://www.youtube.com/embed/L6DwHqemPLU,"37.85909,128.831388",한식,0
130,츄로101,서울특별시 마포구 어울마당로 128,02-336-0331,아담하고 깔끔한 정통 스패니쉬 츄러스 전문점입니다. 레알 스패니쉬 츄러스는 바삭하고 쫄깃한 스페인식 정통 츄러스인데요. 주문과 동시에 즉석에서 만들어지는 따뜻하고 달콤한 츄러스를 맛볼 수 있는 곳입니다. ,http://www.churro101.com/ ,츄러스,12:00~23:00,ON,OFF,찾아라 맛있는TV,https://www.youtube.com/embed/xjUxO7Q69Ro,"37.5557093,126.924278",디저트,0
